timestamp,run_id,phase,source,event,bus,v_raw,i_raw,v_final,i_final,v_dt,breaker_cmd,breaker_fb,ttl,client,detail
2026-05-02 14:50:27,20260502_145027,post_attack,h5,mitm_requested,,,,,,,,,,,h5->h3 ModbusTCP->10.0.2.2:5020
2026-05-02 14:50:27,20260502_145027,post_attack,h5,routing_snapshot,,,,,,,,,,,"[before_attack] h2 ip route || default via 10.0.1.1 dev h2-eth0 
10.0.1.0/24 dev h2-eth0 proto kernel scope link src 10.0.1.3 || [before_attack] h2 ip route get 10.0.2.2 || 10.0.2.2 via 10.0.1.1 dev h2-eth0 src 10.0.1.3 uid 0 
    cache || [before_attack] h3 ip route || default via 10.0.2.1 dev h3-eth0 
10.0.2.0/24 dev h3-eth0 proto kernel scope link src 10.0.2.2 || [before_attack] h3 ip route get 10.0.1.3 || 10.0.1.3 via 10.0.2.1 dev h3-eth0 src 10.0.2.2 uid 0 
    cache || [before_attack] h5 ip route || default via 10.0.2.1 dev h5-eth0 
10.0.1.0/24 dev h5-eth1 proto kernel scope link src 10.0.1.100 
10.0.2.0/24 dev h5-eth0 proto kernel scope link src 10.0.2.3 || [before_attack] h5 ip addr || 1: lo: <LOOPBACK,UP,LOWER_UP> mtu 65536 qdisc noqueue state UNKNOWN group default qlen 1000
    link/loopback 00:00:00:00:00:00 brd 00:00:00:00:00:00
    inet 127.0.0.1/8 scope host lo
       valid_lft forever preferred_lft forever
    inet6 ::1/128 scope host 
       valid_lft forever preferred_lft forever
2: h5-eth0@if26: <BROADCAST,MULTICAST,UP,LOWER_UP> mtu 1500 qdisc htb state UP group default qlen 1000
    link/ether 82:b5:b3:a7:5d:25 brd ff:ff:ff:ff:ff:ff link-netnsid 0
    inet 10.0.2.3/24 brd 10.0.2.255 scope global h5-eth0
       valid_lft forever preferred_lft forever
    inet6 fe80::80b5:b3ff:fea7:5d25/64 scope link 
       valid_lft forever preferred_lft forever
3: h5-eth1@if28: <BROADCAST,MULTICAST,UP,LOWER_UP> mtu 1500 qdisc htb state UP group default qlen 1000
    link/ether 9a:e6:7b:59:de:48 brd ff:ff:ff:ff:ff:ff link-netnsid 0
    inet 10.0.1.100/24 scope global h5-eth1
       valid_lft forever preferred_lft forever
    inet6 fe80::98e6:7bff:fe59:de48/64 scope link tentative 
       valid_lft forever preferred_lft forever"
2026-05-02 14:50:27,20260502_145027,post_attack,h5,flags_enabled,,,,,,,,,,,/tmp/mitm_attack_active
2026-05-02 14:50:27,20260502_145027,post_attack,h5,injector_started,,,,,,,,,,,modbus_tcp://10.0.2.2:5020 holding I
2026-05-02 14:50:27,20260502_145027,post_attack,h5,modbus_tcp_inject,1,,,,2054.613000,,,,,,holding_reg=10 unit=1 I_SCALE=50
2026-05-02 14:50:27,20260502_145027,post_attack,h5,modbus_tcp_inject,2,,,,1806.327000,,,,,,holding_reg=11 unit=1 I_SCALE=50
2026-05-02 14:50:27,20260502_145027,post_attack,h5,modbus_tcp_inject,3,,,,2316.325000,,,,,,holding_reg=12 unit=1 I_SCALE=50
2026-05-02 14:50:27,20260502_145027,post_attack,h5,modbus_tcp_inject,4,,,,2292.061000,,,,,,holding_reg=13 unit=1 I_SCALE=50
2026-05-02 14:50:27,20260502_145027,post_attack,h5,modbus_tcp_inject,5,,,,2575.343000,,,,,,holding_reg=14 unit=1 I_SCALE=50
2026-05-02 14:50:28,20260502_145027,post_attack,h5,routing_snapshot,,,,,,,,,,,"[after_attack_enabled] h2 ip route || default via 10.0.1.1 dev h2-eth0 
10.0.1.0/24 dev h2-eth0 proto kernel scope link src 10.0.1.3 || [after_attack_enabled] h2 ip route get 10.0.2.2 || 10.0.2.2 via 10.0.1.1 dev h2-eth0 src 10.0.1.3 uid 0 
    cache || [after_attack_enabled] h3 ip route || default via 10.0.2.1 dev h3-eth0 
10.0.2.0/24 dev h3-eth0 proto kernel scope link src 10.0.2.2 || [after_attack_enabled] h3 ip route get 10.0.1.3 || 10.0.1.3 via 10.0.2.1 dev h3-eth0 src 10.0.2.2 uid 0 
    cache || [after_attack_enabled] h5 ip route || default via 10.0.2.1 dev h5-eth0 
10.0.1.0/24 dev h5-eth1 proto kernel scope link src 10.0.1.100 
10.0.2.0/24 dev h5-eth0 proto kernel scope link src 10.0.2.3 || [after_attack_enabled] h5 ip addr || 1: lo: <LOOPBACK,UP,LOWER_UP> mtu 65536 qdisc noqueue state UNKNOWN group default qlen 1000
    link/loopback 00:00:00:00:00:00 brd 00:00:00:00:00:00
    inet 127.0.0.1/8 scope host lo
       valid_lft forever preferred_lft forever
    inet6 ::1/128 scope host 
       valid_lft forever preferred_lft forever
2: h5-eth0@if26: <BROADCAST,MULTICAST,UP,LOWER_UP> mtu 1500 qdisc htb state UP group default qlen 1000
    link/ether 82:b5:b3:a7:5d:25 brd ff:ff:ff:ff:ff:ff link-netnsid 0
    inet 10.0.2.3/24 brd 10.0.2.255 scope global h5-eth0
       valid_lft forever preferred_lft forever
    inet6 fe80::80b5:b3ff:fea7:5d25/64 scope link 
       valid_lft forever preferred_lft forever
3: h5-eth1@if28: <BROADCAST,MULTICAST,UP,LOWER_UP> mtu 1500 qdisc htb state UP group default qlen 1000
    link/ether 9a:e6:7b:59:de:48 brd ff:ff:ff:ff:ff:ff link-netnsid 0
    inet 10.0.1.100/24 scope global h5-eth1
       valid_lft forever preferred_lft forever
    inet6 fe80::98e6:7bff:fe59:de48/64 scope link 
       valid_lft forever preferred_lft forever"
2026-05-02 14:50:29,20260502_145027,post_attack,h5,modbus_tcp_inject,1,,,,1943.263000,,,,,,holding_reg=10 unit=1 I_SCALE=50
2026-05-02 14:50:29,20260502_145027,post_attack,h5,modbus_tcp_inject,2,,,,1940.141000,,,,,,holding_reg=11 unit=1 I_SCALE=50
2026-05-02 14:50:29,20260502_145027,post_attack,h5,modbus_tcp_inject,3,,,,2438.275000,,,,,,holding_reg=12 unit=1 I_SCALE=50
2026-05-02 14:50:29,20260502_145027,post_attack,h5,modbus_tcp_inject,4,,,,2133.639000,,,,,,holding_reg=13 unit=1 I_SCALE=50
2026-05-02 14:50:29,20260502_145027,post_attack,h5,modbus_tcp_inject,5,,,,2209.346000,,,,,,holding_reg=14 unit=1 I_SCALE=50
2026-05-02 14:50:29,20260502_145027,post_attack,h3,final_forward,1,1.012000,1310.700000,1.012000,1310.700000,1.050041,1,1,,,MODBUS_TCP
2026-05-02 14:50:29,20260502_145027,post_attack,h3,final_forward,2,0.977000,1310.700000,0.977000,1310.700000,1.050000,1,1,,,MODBUS_TCP
2026-05-02 14:50:29,20260502_145027,post_attack,h3,final_forward,3,1.022000,1310.700000,1.022000,1310.700000,1.040516,1,1,,,MODBUS_TCP
2026-05-02 14:50:29,20260502_145027,post_attack,h3,final_forward,4,1.039000,1310.700000,1.039000,1310.700000,1.037750,1,1,,,MODBUS_TCP
2026-05-02 14:50:29,20260502_145027,post_attack,h3,final_forward,5,0.992000,1310.700000,0.992000,1310.700000,1.039604,1,1,,,MODBUS_TCP
2026-05-02 14:50:30,20260502_145027,post_attack,h2,original_sample,1,0.971000,553.600000,0.971000,553.600000,,1,,,,
2026-05-02 14:50:30,20260502_145027,post_attack,h2,original_sample,2,0.952000,319.340000,0.952000,319.340000,,1,,,,
2026-05-02 14:50:30,20260502_145027,post_attack,h2,original_sample,3,1.014000,559.820000,1.014000,559.820000,,1,,,,
2026-05-02 14:50:30,20260502_145027,post_attack,h2,original_sample,4,0.972000,619.340000,0.972000,619.340000,,1,,,,
2026-05-02 14:50:30,20260502_145027,post_attack,h2,original_sample,5,1.030000,152.780000,1.030000,152.780000,,1,,,,
2026-05-02 14:50:31,20260502_145027,post_attack,h5,modbus_tcp_inject,1,,,,2466.655000,,,,,,holding_reg=10 unit=1 I_SCALE=50
2026-05-02 14:50:31,20260502_145027,post_attack,h5,modbus_tcp_inject,2,,,,2436.797000,,,,,,holding_reg=11 unit=1 I_SCALE=50
2026-05-02 14:50:31,20260502_145027,post_attack,h5,modbus_tcp_inject,3,,,,1852.934000,,,,,,holding_reg=12 unit=1 I_SCALE=50
2026-05-02 14:50:31,20260502_145027,post_attack,h5,modbus_tcp_inject,4,,,,1879.464000,,,,,,holding_reg=13 unit=1 I_SCALE=50
2026-05-02 14:50:31,20260502_145027,post_attack,h5,modbus_tcp_inject,5,,,,1827.926000,,,,,,holding_reg=14 unit=1 I_SCALE=50
2026-05-02 14:50:33,20260502_145027,post_attack,h5,modbus_tcp_inject,1,,,,1884.195000,,,,,,holding_reg=10 unit=1 I_SCALE=50
2026-05-02 14:50:33,20260502_145027,post_attack,h5,modbus_tcp_inject,2,,,,2261.755000,,,,,,holding_reg=11 unit=1 I_SCALE=50
2026-05-02 14:50:33,20260502_145027,post_attack,h5,modbus_tcp_inject,3,,,,2158.327000,,,,,,holding_reg=12 unit=1 I_SCALE=50
2026-05-02 14:50:33,20260502_145027,post_attack,h5,modbus_tcp_inject,4,,,,2215.110000,,,,,,holding_reg=13 unit=1 I_SCALE=50
2026-05-02 14:50:33,20260502_145027,post_attack,h5,modbus_tcp_inject,5,,,,1952.588000,,,,,,holding_reg=14 unit=1 I_SCALE=50
2026-05-02 14:50:33,20260502_145027,post_attack,h3,final_forward,1,0.971000,1310.700000,0.971000,1310.700000,1.039708,1,1,,,MODBUS_TCP
2026-05-02 14:50:33,20260502_145027,post_attack,h3,final_forward,2,0.952000,1310.700000,0.952000,1310.700000,1.042037,1,1,,,MODBUS_TCP
2026-05-02 14:50:33,20260502_145027,post_attack,h3,final_forward,3,1.014000,1310.700000,1.014000,1310.700000,1.036738,1,1,,,MODBUS_TCP
2026-05-02 14:50:33,20260502_145027,post_attack,h3,final_forward,4,0.972000,1310.700000,0.972000,1310.700000,1.034176,1,1,,,MODBUS_TCP
2026-05-02 14:50:33,20260502_145027,post_attack,h3,final_forward,5,1.030000,1310.700000,1.030000,1310.700000,1.035827,1,1,,,MODBUS_TCP
2026-05-02 14:50:34,20260502_145027,post_attack,h2,original_sample,1,1.030000,664.740000,1.030000,664.740000,,1,,,,
2026-05-02 14:50:34,20260502_145027,post_attack,h2,original_sample,2,0.984000,275.540000,0.984000,275.540000,,1,,,,
2026-05-02 14:50:34,20260502_145027,post_attack,h2,original_sample,3,1.045000,391.400000,1.045000,391.400000,,1,,,,
2026-05-02 14:50:34,20260502_145027,post_attack,h2,original_sample,4,0.959000,235.920000,0.959000,235.920000,,1,,,,
2026-05-02 14:50:34,20260502_145027,post_attack,h2,original_sample,5,1.034000,592.460000,1.034000,592.460000,,1,,,,
2026-05-02 14:50:35,20260502_145027,post_attack,h5,modbus_tcp_inject,1,,,,2332.642000,,,,,,holding_reg=10 unit=1 I_SCALE=50
2026-05-02 14:50:35,20260502_145027,post_attack,h5,modbus_tcp_inject,2,,,,2103.404000,,,,,,holding_reg=11 unit=1 I_SCALE=50
2026-05-02 14:50:35,20260502_145027,post_attack,h5,modbus_tcp_inject,3,,,,1901.997000,,,,,,holding_reg=12 unit=1 I_SCALE=50
2026-05-02 14:50:35,20260502_145027,post_attack,h5,modbus_tcp_inject,4,,,,2439.314000,,,,,,holding_reg=13 unit=1 I_SCALE=50
2026-05-02 14:50:35,20260502_145027,post_attack,h5,modbus_tcp_inject,5,,,,2078.103000,,,,,,holding_reg=14 unit=1 I_SCALE=50
2026-05-02 14:50:37,20260502_145027,post_attack,h5,modbus_tcp_inject,1,,,,2034.655000,,,,,,holding_reg=10 unit=1 I_SCALE=50
2026-05-02 14:50:37,20260502_145027,post_attack,h5,modbus_tcp_inject,2,,,,2106.069000,,,,,,holding_reg=11 unit=1 I_SCALE=50
2026-05-02 14:50:37,20260502_145027,post_attack,h5,modbus_tcp_inject,3,,,,2408.435000,,,,,,holding_reg=12 unit=1 I_SCALE=50
2026-05-02 14:50:37,20260502_145027,post_attack,h5,modbus_tcp_inject,4,,,,2218.615000,,,,,,holding_reg=13 unit=1 I_SCALE=50
2026-05-02 14:50:37,20260502_145027,post_attack,h5,modbus_tcp_inject,5,,,,2160.064000,,,,,,holding_reg=14 unit=1 I_SCALE=50
2026-05-02 14:50:37,20260502_145027,post_attack,h3,final_forward,1,1.030000,1310.700000,1.030000,1310.700000,1.032245,1,1,,,MODBUS_TCP
2026-05-02 14:50:37,20260502_145027,post_attack,h3,final_forward,2,0.984000,1310.700000,0.984000,1310.700000,1.032480,1,1,,,MODBUS_TCP
2026-05-02 14:50:37,20260502_145027,post_attack,h3,final_forward,3,1.045000,1310.700000,1.045000,1310.700000,1.025641,1,1,,,MODBUS_TCP
2026-05-02 14:50:37,20260502_145027,post_attack,h3,final_forward,4,0.959000,1310.700000,0.959000,1310.700000,1.020578,1,1,,,MODBUS_TCP
2026-05-02 14:50:37,20260502_145027,post_attack,h3,final_forward,5,1.034000,1310.700000,1.034000,1310.700000,1.022392,1,1,,,MODBUS_TCP
2026-05-02 14:50:38,20260502_145027,post_attack,h2,original_sample,1,1.030000,664.740000,1.030000,664.740000,,1,,,,
2026-05-02 14:50:38,20260502_145027,post_attack,h2,original_sample,2,0.984000,275.540000,0.984000,275.540000,,1,,,,
2026-05-02 14:50:38,20260502_145027,post_attack,h2,original_sample,3,1.045000,391.400000,1.045000,391.400000,,1,,,,
2026-05-02 14:50:38,20260502_145027,post_attack,h2,original_sample,4,0.959000,235.920000,0.959000,235.920000,,1,,,,
2026-05-02 14:50:38,20260502_145027,post_attack,h2,original_sample,5,1.034000,592.460000,1.034000,592.460000,,1,,,,
2026-05-02 14:50:39,20260502_145027,post_attack,h5,modbus_tcp_inject,1,,,,2436.815000,,,,,,holding_reg=10 unit=1 I_SCALE=50
2026-05-02 14:50:39,20260502_145027,post_attack,h5,modbus_tcp_inject,2,,,,2599.456000,,,,,,holding_reg=11 unit=1 I_SCALE=50
2026-05-02 14:50:39,20260502_145027,post_attack,h5,modbus_tcp_inject,3,,,,2566.318000,,,,,,holding_reg=12 unit=1 I_SCALE=50
2026-05-02 14:50:39,20260502_145027,post_attack,h5,modbus_tcp_inject,4,,,,2011.070000,,,,,,holding_reg=13 unit=1 I_SCALE=50
2026-05-02 14:50:39,20260502_145027,post_attack,h5,modbus_tcp_inject,5,,,,2041.834000,,,,,,holding_reg=14 unit=1 I_SCALE=50
2026-05-02 14:50:41,20260502_145027,post_attack,h5,modbus_tcp_inject,1,,,,1801.712000,,,,,,holding_reg=10 unit=1 I_SCALE=50
2026-05-02 14:50:41,20260502_145027,post_attack,h5,modbus_tcp_inject,2,,,,2312.494000,,,,,,holding_reg=11 unit=1 I_SCALE=50
2026-05-02 14:50:41,20260502_145027,post_attack,h5,modbus_tcp_inject,3,,,,1839.508000,,,,,,holding_reg=12 unit=1 I_SCALE=50
2026-05-02 14:50:41,20260502_145027,post_attack,h5,modbus_tcp_inject,4,,,,2190.970000,,,,,,holding_reg=13 unit=1 I_SCALE=50
2026-05-02 14:50:41,20260502_145027,post_attack,h5,modbus_tcp_inject,5,,,,2180.210000,,,,,,holding_reg=14 unit=1 I_SCALE=50
2026-05-02 14:50:41,20260502_145027,post_attack,h3,final_forward,1,1.030000,1310.700000,1.030000,1310.700000,1.026161,1,1,,,MODBUS_TCP
2026-05-02 14:50:41,20260502_145027,post_attack,h3,final_forward,2,0.984000,1310.700000,0.984000,1310.700000,1.023583,1,1,,,MODBUS_TCP
2026-05-02 14:50:41,20260502_145027,post_attack,h3,final_forward,3,1.045000,1310.700000,1.045000,1310.700000,1.013832,1,1,,,MODBUS_TCP
2026-05-02 14:50:41,20260502_145027,post_attack,h3,final_forward,4,0.959000,1310.700000,0.959000,1310.700000,1.006022,1,1,,,MODBUS_TCP
2026-05-02 14:50:41,20260502_145027,post_attack,h3,final_forward,5,1.034000,1310.700000,1.034000,1310.700000,1.008106,1,1,,,MODBUS_TCP
2026-05-02 14:50:42,20260502_145027,post_attack,h2,original_sample,1,1.030000,688.040000,1.030000,688.040000,,1,,,,
2026-05-02 14:50:42,20260502_145027,post_attack,h2,original_sample,2,1.003000,891.580000,1.003000,891.580000,,1,,,,
2026-05-02 14:50:42,20260502_145027,post_attack,h2,original_sample,3,0.987000,580.680000,0.987000,580.680000,,1,,,,
2026-05-02 14:50:42,20260502_145027,post_attack,h2,original_sample,4,1.032000,604.420000,1.032000,604.420000,,1,,,,
2026-05-02 14:50:42,20260502_145027,post_attack,h2,original_sample,5,1.036000,572.240000,1.036000,572.240000,,1,,,,
2026-05-02 14:50:43,20260502_145027,post_attack,h5,modbus_tcp_inject,1,,,,2443.053000,,,,,,holding_reg=10 unit=1 I_SCALE=50
2026-05-02 14:50:43,20260502_145027,post_attack,h5,modbus_tcp_inject,2,,,,2244.229000,,,,,,holding_reg=11 unit=1 I_SCALE=50
2026-05-02 14:50:43,20260502_145027,post_attack,h5,modbus_tcp_inject,3,,,,2509.837000,,,,,,holding_reg=12 unit=1 I_SCALE=50
2026-05-02 14:50:43,20260502_145027,post_attack,h5,modbus_tcp_inject,4,,,,2336.128000,,,,,,holding_reg=13 unit=1 I_SCALE=50
2026-05-02 14:50:43,20260502_145027,post_attack,h5,modbus_tcp_inject,5,,,,1862.168000,,,,,,holding_reg=14 unit=1 I_SCALE=50
2026-05-02 14:50:45,20260502_145027,post_attack,h5,modbus_tcp_inject,1,,,,1873.020000,,,,,,holding_reg=10 unit=1 I_SCALE=50
2026-05-02 14:50:45,20260502_145027,post_attack,h5,modbus_tcp_inject,2,,,,2191.931000,,,,,,holding_reg=11 unit=1 I_SCALE=50
2026-05-02 14:50:45,20260502_145027,post_attack,h5,modbus_tcp_inject,3,,,,2012.577000,,,,,,holding_reg=12 unit=1 I_SCALE=50
2026-05-02 14:50:45,20260502_145027,post_attack,h5,modbus_tcp_inject,4,,,,1879.546000,,,,,,holding_reg=13 unit=1 I_SCALE=50
2026-05-02 14:50:45,20260502_145027,post_attack,h5,modbus_tcp_inject,5,,,,1895.562000,,,,,,holding_reg=14 unit=1 I_SCALE=50
2026-05-02 14:50:45,20260502_145027,post_attack,h3,final_forward,1,1.030000,1310.700000,1.030000,1310.700000,1.021895,1,1,,,MODBUS_TCP
2026-05-02 14:50:45,20260502_145027,post_attack,h3,final_forward,2,1.002000,1310.700000,1.002000,1310.700000,1.016588,1,1,,,MODBUS_TCP
2026-05-02 14:50:45,20260502_145027,post_attack,h3,final_forward,3,0.987000,1310.700000,0.987000,1310.700000,1.003892,1,1,,,MODBUS_TCP
2026-05-02 14:50:45,20260502_145027,post_attack,h3,final_forward,4,1.032000,1310.700000,1.032000,1310.700000,0.993588,1,1,,,MODBUS_TCP
2026-05-02 14:50:45,20260502_145027,post_attack,h3,final_forward,5,1.036000,1310.700000,1.036000,1310.700000,0.995948,1,1,,,MODBUS_TCP
2026-05-02 14:50:46,20260502_145027,post_attack,h2,original_sample,1,1.020000,183.740000,1.020000,183.740000,,1,,,,
2026-05-02 14:50:46,20260502_145027,post_attack,h2,original_sample,2,0.972000,383.720000,0.972000,383.720000,,1,,,,
2026-05-02 14:50:46,20260502_145027,post_attack,h2,original_sample,3,0.957000,344.600000,0.957000,344.600000,,1,,,,
2026-05-02 14:50:46,20260502_145027,post_attack,h2,original_sample,4,0.960000,379.720000,0.960000,379.720000,,1,,,,
2026-05-02 14:50:46,20260502_145027,post_attack,h2,original_sample,5,1.013000,425.060000,1.013000,425.060000,,1,,,,
2026-05-02 14:50:47,20260502_145027,post_attack,h5,modbus_tcp_inject,1,,,,2136.712000,,,,,,holding_reg=10 unit=1 I_SCALE=50
2026-05-02 14:50:47,20260502_145027,post_attack,h5,modbus_tcp_inject,2,,,,2365.415000,,,,,,holding_reg=11 unit=1 I_SCALE=50
2026-05-02 14:50:47,20260502_145027,post_attack,h5,modbus_tcp_inject,3,,,,2103.387000,,,,,,holding_reg=12 unit=1 I_SCALE=50
2026-05-02 14:50:47,20260502_145027,post_attack,h5,modbus_tcp_inject,4,,,,2301.572000,,,,,,holding_reg=13 unit=1 I_SCALE=50
2026-05-02 14:50:47,20260502_145027,post_attack,h5,modbus_tcp_inject,5,,,,2273.275000,,,,,,holding_reg=14 unit=1 I_SCALE=50
2026-05-02 14:50:49,20260502_145027,post_attack,h5,modbus_tcp_inject,1,,,,2463.019000,,,,,,holding_reg=10 unit=1 I_SCALE=50
2026-05-02 14:50:49,20260502_145027,post_attack,h5,modbus_tcp_inject,2,,,,2363.826000,,,,,,holding_reg=11 unit=1 I_SCALE=50
2026-05-02 14:50:49,20260502_145027,post_attack,h5,modbus_tcp_inject,3,,,,1853.196000,,,,,,holding_reg=12 unit=1 I_SCALE=50
2026-05-02 14:50:49,20260502_145027,post_attack,h5,modbus_tcp_inject,4,,,,2309.683000,,,,,,holding_reg=13 unit=1 I_SCALE=50
2026-05-02 14:50:49,20260502_145027,post_attack,h5,modbus_tcp_inject,5,,,,2394.969000,,,,,,holding_reg=14 unit=1 I_SCALE=50
2026-05-02 14:50:49,20260502_145027,post_attack,h3,final_forward,1,1.020000,1310.700000,1.020000,1310.700000,1.018911,1,1,,,MODBUS_TCP
2026-05-02 14:50:49,20260502_145027,post_attack,h3,final_forward,2,0.972000,1310.700000,0.972000,1310.700000,1.011159,1,1,,,MODBUS_TCP
2026-05-02 14:50:49,20260502_145027,post_attack,h3,final_forward,3,0.957000,1310.700000,0.957000,1310.700000,0.995999,1,1,,,MODBUS_TCP
2026-05-02 14:50:49,20260502_145027,post_attack,h3,final_forward,4,0.960000,1310.700000,0.960000,1310.700000,0.983011,1,1,,,MODBUS_TCP
2026-05-02 14:50:49,20260502_145027,post_attack,h3,final_forward,5,1.012000,1310.700000,1.012000,1310.700000,0.985731,1,1,,,MODBUS_TCP
2026-05-02 14:50:51,20260502_145027,post_attack,h2,original_sample,1,0.987000,316.460000,0.987000,316.460000,,1,,,,
2026-05-02 14:50:51,20260502_145027,post_attack,h2,original_sample,2,0.976000,887.680000,0.976000,887.680000,,1,,,,
2026-05-02 14:50:51,20260502_145027,post_attack,h2,original_sample,3,1.014000,608.180000,1.014000,608.180000,,1,,,,
2026-05-02 14:50:51,20260502_145027,post_attack,h2,original_sample,4,0.967000,732.800000,0.967000,732.800000,,1,,,,
2026-05-02 14:50:51,20260502_145027,post_attack,h2,original_sample,5,0.966000,457.380000,0.966000,457.380000,,1,,,,
2026-05-02 14:50:51,20260502_145027,post_attack,h5,modbus_tcp_inject,1,,,,2356.079000,,,,,,holding_reg=10 unit=1 I_SCALE=50
2026-05-02 14:50:51,20260502_145027,post_attack,h5,modbus_tcp_inject,2,,,,2274.488000,,,,,,holding_reg=11 unit=1 I_SCALE=50
2026-05-02 14:50:51,20260502_145027,post_attack,h5,modbus_tcp_inject,3,,,,2370.267000,,,,,,holding_reg=12 unit=1 I_SCALE=50
2026-05-02 14:50:51,20260502_145027,post_attack,h5,modbus_tcp_inject,4,,,,2390.696000,,,,,,holding_reg=13 unit=1 I_SCALE=50
2026-05-02 14:50:51,20260502_145027,post_attack,h5,modbus_tcp_inject,5,,,,2172.160000,,,,,,holding_reg=14 unit=1 I_SCALE=50
2026-05-02 14:50:53,20260502_145027,post_attack,h3,final_forward,1,0.987000,1310.700000,0.987000,1310.700000,1.017172,1,1,,,MODBUS_TCP
2026-05-02 14:50:53,20260502_145027,post_attack,h3,final_forward,2,0.976000,1310.700000,0.976000,1310.700000,1.008350,1,1,,,MODBUS_TCP
2026-05-02 14:50:53,20260502_145027,post_attack,h3,final_forward,3,1.014000,1310.700000,1.014000,1310.700000,0.991954,1,1,,,MODBUS_TCP
2026-05-02 14:50:53,20260502_145027,post_attack,h3,final_forward,4,0.967000,1310.700000,0.967000,1310.700000,0.977719,1,1,,,MODBUS_TCP
2026-05-02 14:50:53,20260502_145027,post_attack,h3,final_forward,5,0.966000,1310.700000,0.966000,1310.700000,0.980562,1,1,,,MODBUS_TCP
2026-05-02 14:50:54,20260502_145027,post_attack,h5,modbus_tcp_inject,1,,,,2191.104000,,,,,,holding_reg=10 unit=1 I_SCALE=50
2026-05-02 14:50:54,20260502_145027,post_attack,h5,modbus_tcp_inject,2,,,,2323.168000,,,,,,holding_reg=11 unit=1 I_SCALE=50
2026-05-02 14:50:54,20260502_145027,post_attack,h5,modbus_tcp_inject,3,,,,2012.404000,,,,,,holding_reg=12 unit=1 I_SCALE=50
2026-05-02 14:50:54,20260502_145027,post_attack,h5,modbus_tcp_inject,4,,,,2253.858000,,,,,,holding_reg=13 unit=1 I_SCALE=50
2026-05-02 14:50:54,20260502_145027,post_attack,h5,modbus_tcp_inject,5,,,,2037.067000,,,,,,holding_reg=14 unit=1 I_SCALE=50
2026-05-02 14:50:55,20260502_145027,post_attack,h2,original_sample,1,1.048000,610.820000,1.048000,610.820000,,1,,,,
2026-05-02 14:50:55,20260502_145027,post_attack,h2,original_sample,2,1.005000,670.940000,1.005000,670.940000,,1,,,,
2026-05-02 14:50:55,20260502_145027,post_attack,h2,original_sample,3,1.034000,719.780000,1.034000,719.780000,,1,,,,
2026-05-02 14:50:55,20260502_145027,post_attack,h2,original_sample,4,0.972000,181.960000,0.972000,181.960000,,1,,,,
2026-05-02 14:50:55,20260502_145027,post_attack,h2,original_sample,5,0.981000,363.480000,0.981000,363.480000,,1,,,,
2026-05-02 14:50:56,20260502_145027,post_attack,h5,modbus_tcp_inject,1,,,,2439.634000,,,,,,holding_reg=10 unit=1 I_SCALE=50
2026-05-02 14:50:56,20260502_145027,post_attack,h5,modbus_tcp_inject,2,,,,2071.720000,,,,,,holding_reg=11 unit=1 I_SCALE=50
2026-05-02 14:50:56,20260502_145027,post_attack,h5,modbus_tcp_inject,3,,,,2397.311000,,,,,,holding_reg=12 unit=1 I_SCALE=50
2026-05-02 14:50:56,20260502_145027,post_attack,h5,modbus_tcp_inject,4,,,,2354.543000,,,,,,holding_reg=13 unit=1 I_SCALE=50
2026-05-02 14:50:56,20260502_145027,post_attack,h5,modbus_tcp_inject,5,,,,1922.185000,,,,,,holding_reg=14 unit=1 I_SCALE=50
2026-05-02 14:50:57,20260502_145027,post_attack,h3,final_forward,1,1.048000,1310.700000,1.048000,1310.700000,1.016416,1,1,,,MODBUS_TCP
2026-05-02 14:50:57,20260502_145027,post_attack,h3,final_forward,2,1.004000,1310.700000,1.004000,1310.700000,1.006401,1,1,,,MODBUS_TCP
2026-05-02 14:50:57,20260502_145027,post_attack,h3,final_forward,3,1.034000,1310.700000,1.034000,1310.700000,0.989036,1,1,,,MODBUS_TCP
2026-05-02 14:50:57,20260502_145027,post_attack,h3,final_forward,4,0.972000,1310.700000,0.972000,1310.700000,0.974289,1,1,,,MODBUS_TCP
2026-05-02 14:50:57,20260502_145027,post_attack,h3,final_forward,5,0.981000,1310.700000,0.981000,1310.700000,0.977279,1,1,,,MODBUS_TCP
2026-05-02 14:50:59,20260502_145027,post_attack,h5,modbus_tcp_inject,1,,,,2549.774000,,,,,,holding_reg=10 unit=1 I_SCALE=50
2026-05-02 14:50:59,20260502_145027,post_attack,h2,original_sample,1,1.048000,610.820000,1.048000,610.820000,,1,,,,
2026-05-02 14:50:59,20260502_145027,post_attack,h5,modbus_tcp_inject,2,,,,2064.706000,,,,,,holding_reg=11 unit=1 I_SCALE=50
2026-05-02 14:50:59,20260502_145027,post_attack,h5,modbus_tcp_inject,3,,,,1950.999000,,,,,,holding_reg=12 unit=1 I_SCALE=50
2026-05-02 14:50:59,20260502_145027,post_attack,h5,modbus_tcp_inject,4,,,,1807.433000,,,,,,holding_reg=13 unit=1 I_SCALE=50
2026-05-02 14:50:59,20260502_145027,post_attack,h5,modbus_tcp_inject,5,,,,2360.145000,,,,,,holding_reg=14 unit=1 I_SCALE=50
2026-05-02 14:50:59,20260502_145027,post_attack,h2,original_sample,2,1.005000,670.940000,1.005000,670.940000,,1,,,,
2026-05-02 14:50:59,20260502_145027,post_attack,h2,original_sample,3,1.034000,719.780000,1.034000,719.780000,,1,,,,
2026-05-02 14:50:59,20260502_145027,post_attack,h2,original_sample,4,0.972000,181.960000,0.972000,181.960000,,1,,,,
2026-05-02 14:50:59,20260502_145027,post_attack,h2,original_sample,5,0.981000,363.480000,0.981000,363.480000,,1,,,,
2026-05-02 14:51:01,20260502_145027,post_attack,h5,modbus_tcp_inject,1,,,,2307.304000,,,,,,holding_reg=10 unit=1 I_SCALE=50
2026-05-02 14:51:01,20260502_145027,post_attack,h5,modbus_tcp_inject,2,,,,1947.422000,,,,,,holding_reg=11 unit=1 I_SCALE=50
2026-05-02 14:51:01,20260502_145027,post_attack,h5,modbus_tcp_inject,3,,,,2562.306000,,,,,,holding_reg=12 unit=1 I_SCALE=50
2026-05-02 14:51:01,20260502_145027,post_attack,h5,modbus_tcp_inject,4,,,,1857.194000,,,,,,holding_reg=13 unit=1 I_SCALE=50
2026-05-02 14:51:01,20260502_145027,post_attack,h5,modbus_tcp_inject,5,,,,2388.629000,,,,,,holding_reg=14 unit=1 I_SCALE=50
2026-05-02 14:51:02,20260502_145027,post_attack,h3,final_forward,1,1.048000,1310.700000,1.048000,1310.700000,1.015090,1,1,,,MODBUS_TCP
2026-05-02 14:51:02,20260502_145027,post_attack,h3,final_forward,2,1.004000,1310.700000,1.004000,1310.700000,1.004228,1,1,,,MODBUS_TCP
2026-05-02 14:51:02,20260502_145027,post_attack,h3,final_forward,3,1.034000,1310.700000,1.034000,1310.700000,0.985863,1,1,,,MODBUS_TCP
2026-05-02 14:51:02,20260502_145027,post_attack,h3,final_forward,4,0.972000,1310.700000,0.972000,1310.700000,0.970556,1,1,,,MODBUS_TCP
2026-05-02 14:51:02,20260502_145027,post_attack,h3,final_forward,5,0.981000,1310.700000,0.981000,1310.700000,0.973661,1,1,,,MODBUS_TCP
2026-05-02 14:51:03,20260502_145027,post_attack,h5,modbus_tcp_inject,1,,,,2410.227000,,,,,,holding_reg=10 unit=1 I_SCALE=50
2026-05-02 14:51:03,20260502_145027,post_attack,h5,modbus_tcp_inject,2,,,,1820.180000,,,,,,holding_reg=11 unit=1 I_SCALE=50
2026-05-02 14:51:03,20260502_145027,post_attack,h5,modbus_tcp_inject,3,,,,2491.652000,,,,,,holding_reg=12 unit=1 I_SCALE=50
2026-05-02 14:51:03,20260502_145027,post_attack,h5,modbus_tcp_inject,4,,,,2076.310000,,,,,,holding_reg=13 unit=1 I_SCALE=50
2026-05-02 14:51:03,20260502_145027,post_attack,h5,modbus_tcp_inject,5,,,,2101.319000,,,,,,holding_reg=14 unit=1 I_SCALE=50
2026-05-02 14:51:03,20260502_145027,post_attack,h2,original_sample,1,0.971000,897.720000,0.971000,897.720000,,1,,,,
2026-05-02 14:51:03,20260502_145027,post_attack,h2,original_sample,2,1.037000,378.340000,1.037000,378.340000,,1,,,,
2026-05-02 14:51:03,20260502_145027,post_attack,h2,original_sample,3,1.015000,447.380000,1.015000,447.380000,,1,,,,
2026-05-02 14:51:03,20260502_145027,post_attack,h2,original_sample,4,1.041000,482.540000,1.041000,482.540000,,1,,,,
2026-05-02 14:51:03,20260502_145027,post_attack,h2,original_sample,5,0.976000,348.860000,0.976000,348.860000,,1,,,,
2026-05-02 14:51:05,20260502_145027,post_attack,h5,modbus_tcp_inject,1,,,,2034.984000,,,,,,holding_reg=10 unit=1 I_SCALE=50
2026-05-02 14:51:05,20260502_145027,post_attack,h5,modbus_tcp_inject,2,,,,1930.648000,,,,,,holding_reg=11 unit=1 I_SCALE=50
2026-05-02 14:51:05,20260502_145027,post_attack,h5,modbus_tcp_inject,3,,,,1907.653000,,,,,,holding_reg=12 unit=1 I_SCALE=50
2026-05-02 14:51:05,20260502_145027,post_attack,h5,modbus_tcp_inject,4,,,,2487.326000,,,,,,holding_reg=13 unit=1 I_SCALE=50
2026-05-02 14:51:05,20260502_145027,post_attack,h5,modbus_tcp_inject,5,,,,2586.289000,,,,,,holding_reg=14 unit=1 I_SCALE=50
2026-05-02 14:51:06,20260502_145027,post_attack,h3,final_forward,1,0.971000,1310.700000,0.971000,1310.700000,1.014216,1,1,,,MODBUS_TCP
2026-05-02 14:51:06,20260502_145027,post_attack,h3,final_forward,2,1.037000,1310.700000,1.037000,1310.700000,1.002770,1,1,,,MODBUS_TCP
2026-05-02 14:51:06,20260502_145027,post_attack,h3,final_forward,3,1.014000,1310.700000,1.014000,1310.700000,0.983716,1,1,,,MODBUS_TCP
2026-05-02 14:51:06,20260502_145027,post_attack,h3,final_forward,4,1.041000,1310.700000,1.041000,1310.700000,0.968023,1,1,,,MODBUS_TCP
2026-05-02 14:51:06,20260502_145027,post_attack,h3,final_forward,5,0.976000,1310.700000,0.976000,1310.700000,0.971207,1,1,,,MODBUS_TCP
2026-05-02 14:51:07,20260502_145027,post_attack,h2,original_sample,1,1.006000,350.800000,1.006000,350.800000,,1,,,,
2026-05-02 14:51:07,20260502_145027,post_attack,h5,modbus_tcp_inject,1,,,,1914.051000,,,,,,holding_reg=10 unit=1 I_SCALE=50
2026-05-02 14:51:07,20260502_145027,post_attack,h5,modbus_tcp_inject,2,,,,2180.974000,,,,,,holding_reg=11 unit=1 I_SCALE=50
2026-05-02 14:51:07,20260502_145027,post_attack,h5,modbus_tcp_inject,3,,,,2550.655000,,,,,,holding_reg=12 unit=1 I_SCALE=50
2026-05-02 14:51:07,20260502_145027,post_attack,h5,modbus_tcp_inject,4,,,,2237.047000,,,,,,holding_reg=13 unit=1 I_SCALE=50
2026-05-02 14:51:07,20260502_145027,post_attack,h2,original_sample,2,1.008000,830.360000,1.008000,830.360000,,1,,,,
2026-05-02 14:51:07,20260502_145027,post_attack,h5,modbus_tcp_inject,5,,,,1941.264000,,,,,,holding_reg=14 unit=1 I_SCALE=50
2026-05-02 14:51:07,20260502_145027,post_attack,h2,original_sample,3,0.989000,323.080000,0.989000,323.080000,,1,,,,
2026-05-02 14:51:07,20260502_145027,post_attack,h2,original_sample,4,1.049000,515.540000,1.049000,515.540000,,1,,,,
2026-05-02 14:51:07,20260502_145027,post_attack,h2,original_sample,5,0.959000,196.520000,0.959000,196.520000,,1,,,,
2026-05-02 14:51:09,20260502_145027,post_attack,h5,modbus_tcp_inject,1,,,,2008.412000,,,,,,holding_reg=10 unit=1 I_SCALE=50
2026-05-02 14:51:09,20260502_145027,post_attack,h5,modbus_tcp_inject,2,,,,1848.245000,,,,,,holding_reg=11 unit=1 I_SCALE=50
2026-05-02 14:51:09,20260502_145027,post_attack,h5,modbus_tcp_inject,3,,,,1963.141000,,,,,,holding_reg=12 unit=1 I_SCALE=50
2026-05-02 14:51:09,20260502_145027,post_attack,h5,modbus_tcp_inject,4,,,,2402.598000,,,,,,holding_reg=13 unit=1 I_SCALE=50
2026-05-02 14:51:09,20260502_145027,post_attack,h5,modbus_tcp_inject,5,,,,2078.883000,,,,,,holding_reg=14 unit=1 I_SCALE=50
2026-05-02 14:51:10,20260502_145027,post_attack,h3,final_forward,1,1.006000,1310.700000,1.006000,1310.700000,1.014498,1,1,,,MODBUS_TCP
2026-05-02 14:51:10,20260502_145027,post_attack,h3,final_forward,2,1.008000,1310.700000,1.008000,1310.700000,1.001521,1,1,,,MODBUS_TCP
2026-05-02 14:51:10,20260502_145027,post_attack,h3,final_forward,3,0.989000,1310.700000,0.989000,1310.700000,0.981970,1,1,,,MODBUS_TCP
2026-05-02 14:51:10,20260502_145027,post_attack,h3,final_forward,4,1.049000,1310.700000,1.049000,1310.700000,0.965556,1,1,,,MODBUS_TCP
2026-05-02 14:51:10,20260502_145027,post_attack,h3,final_forward,5,0.959000,1310.700000,0.959000,1310.700000,0.968935,1,1,,,MODBUS_TCP
2026-05-02 14:51:11,20260502_145027,post_attack,h2,original_sample,1,0.960000,656.780000,0.960000,656.780000,,1,,,,
2026-05-02 14:51:11,20260502_145027,post_attack,h2,original_sample,2,1.029000,461.100000,1.029000,461.100000,,1,,,,
2026-05-02 14:51:11,20260502_145027,post_attack,h2,original_sample,3,0.956000,463.880000,0.956000,463.880000,,1,,,,
2026-05-02 14:51:11,20260502_145027,post_attack,h2,original_sample,4,1.049000,529.860000,1.049000,529.860000,,1,,,,
2026-05-02 14:51:11,20260502_145027,post_attack,h2,original_sample,5,1.047000,772.720000,1.047000,772.720000,,1,,,,
2026-05-02 14:51:11,20260502_145027,post_attack,h5,modbus_tcp_inject,1,,,,2460.941000,,,,,,holding_reg=10 unit=1 I_SCALE=50
2026-05-02 14:51:11,20260502_145027,post_attack,h5,modbus_tcp_inject,2,,,,1954.696000,,,,,,holding_reg=11 unit=1 I_SCALE=50
2026-05-02 14:51:11,20260502_145027,post_attack,h5,modbus_tcp_inject,3,,,,1829.148000,,,,,,holding_reg=12 unit=1 I_SCALE=50
2026-05-02 14:51:11,20260502_145027,post_attack,h5,modbus_tcp_inject,4,,,,2181.008000,,,,,,holding_reg=13 unit=1 I_SCALE=50
2026-05-02 14:51:11,20260502_145027,post_attack,h5,modbus_tcp_inject,5,,,,2228.119000,,,,,,holding_reg=14 unit=1 I_SCALE=50
2026-05-02 14:51:13,20260502_145027,post_attack,h5,modbus_tcp_inject,1,,,,2014.839000,,,,,,holding_reg=10 unit=1 I_SCALE=50
2026-05-02 14:51:13,20260502_145027,post_attack,h5,modbus_tcp_inject,2,,,,2083.998000,,,,,,holding_reg=11 unit=1 I_SCALE=50
2026-05-02 14:51:13,20260502_145027,post_attack,h5,modbus_tcp_inject,3,,,,1904.751000,,,,,,holding_reg=12 unit=1 I_SCALE=50
2026-05-02 14:51:13,20260502_145027,post_attack,h5,modbus_tcp_inject,4,,,,2351.089000,,,,,,holding_reg=13 unit=1 I_SCALE=50
2026-05-02 14:51:13,20260502_145027,post_attack,h5,modbus_tcp_inject,5,,,,2215.547000,,,,,,holding_reg=14 unit=1 I_SCALE=50
2026-05-02 14:51:14,20260502_145027,post_attack,h3,final_forward,1,0.960000,1310.700000,0.960000,1310.700000,1.014314,1,1,,,MODBUS_TCP
2026-05-02 14:51:14,20260502_145027,post_attack,h3,final_forward,2,1.029000,1310.700000,1.029000,1310.700000,1.001086,1,1,,,MODBUS_TCP
2026-05-02 14:51:14,20260502_145027,post_attack,h3,final_forward,3,0.956000,1310.700000,0.956000,1310.700000,0.981294,1,1,,,MODBUS_TCP
2026-05-02 14:51:14,20260502_145027,post_attack,h3,final_forward,4,1.049000,1310.700000,1.049000,1310.700000,0.964324,1,1,,,MODBUS_TCP
2026-05-02 14:51:14,20260502_145027,post_attack,h3,final_forward,5,1.047000,1310.700000,1.047000,1310.700000,0.967847,1,1,,,MODBUS_TCP
2026-05-02 14:51:15,20260502_145027,post_attack,h5,modbus_tcp_inject,1,,,,2387.180000,,,,,,holding_reg=10 unit=1 I_SCALE=50
2026-05-02 14:51:15,20260502_145027,post_attack,h5,modbus_tcp_inject,2,,,,2388.699000,,,,,,holding_reg=11 unit=1 I_SCALE=50
2026-05-02 14:51:15,20260502_145027,post_attack,h5,modbus_tcp_inject,3,,,,2010.529000,,,,,,holding_reg=12 unit=1 I_SCALE=50
2026-05-02 14:51:15,20260502_145027,post_attack,h5,modbus_tcp_inject,4,,,,2295.005000,,,,,,holding_reg=13 unit=1 I_SCALE=50
2026-05-02 14:51:15,20260502_145027,post_attack,h5,modbus_tcp_inject,5,,,,2468.487000,,,,,,holding_reg=14 unit=1 I_SCALE=50
2026-05-02 14:51:15,20260502_145027,post_attack,h2,original_sample,1,0.951000,738.360000,0.951000,738.360000,,1,,,,
2026-05-02 14:51:15,20260502_145027,post_attack,h2,original_sample,2,1.018000,552.100000,1.018000,552.100000,,1,,,,
2026-05-02 14:51:15,20260502_145027,post_attack,h2,original_sample,3,0.976000,656.780000,0.976000,656.780000,,1,,,,
2026-05-02 14:51:15,20260502_145027,post_attack,h2,original_sample,4,0.961000,503.740000,0.961000,503.740000,,1,,,,
2026-05-02 14:51:15,20260502_145027,post_attack,h2,original_sample,5,0.995000,884.180000,0.995000,884.180000,,1,,,,
2026-05-02 14:51:17,20260502_145027,post_attack,h5,modbus_tcp_inject,1,,,,2209.529000,,,,,,holding_reg=10 unit=1 I_SCALE=50
2026-05-02 14:51:17,20260502_145027,post_attack,h5,modbus_tcp_inject,2,,,,2039.066000,,,,,,holding_reg=11 unit=1 I_SCALE=50
2026-05-02 14:51:17,20260502_145027,post_attack,h5,modbus_tcp_inject,3,,,,1927.727000,,,,,,holding_reg=12 unit=1 I_SCALE=50
2026-05-02 14:51:17,20260502_145027,post_attack,h5,modbus_tcp_inject,4,,,,2133.391000,,,,,,holding_reg=13 unit=1 I_SCALE=50
2026-05-02 14:51:17,20260502_145027,post_attack,h5,modbus_tcp_inject,5,,,,1989.950000,,,,,,holding_reg=14 unit=1 I_SCALE=50
2026-05-02 14:51:18,20260502_145027,post_attack,h3,final_forward,1,0.951000,1310.700000,0.951000,1310.700000,1.014671,1,1,,,MODBUS_TCP
2026-05-02 14:51:18,20260502_145027,post_attack,h3,final_forward,2,1.018000,1310.700000,1.018000,1310.700000,1.000537,1,1,,,MODBUS_TCP
2026-05-02 14:51:18,20260502_145027,post_attack,h3,final_forward,3,0.976000,1310.700000,0.976000,1310.700000,0.980496,1,1,,,MODBUS_TCP
2026-05-02 14:51:18,20260502_145027,post_attack,h3,final_forward,4,0.961000,1310.700000,0.961000,1310.700000,0.962679,1,1,,,MODBUS_TCP
2026-05-02 14:51:18,20260502_145027,post_attack,h3,final_forward,5,0.995000,1310.700000,0.995000,1310.700000,0.966230,1,1,,,MODBUS_TCP
2026-05-02 14:51:19,20260502_145027,post_attack,h5,modbus_tcp_inject,1,,,,2065.260000,,,,,,holding_reg=10 unit=1 I_SCALE=50
2026-05-02 14:51:20,20260502_145027,post_attack,h5,modbus_tcp_inject,2,,,,2407.927000,,,,,,holding_reg=11 unit=1 I_SCALE=50
2026-05-02 14:51:20,20260502_145027,post_attack,h5,modbus_tcp_inject,3,,,,2316.086000,,,,,,holding_reg=12 unit=1 I_SCALE=50
2026-05-02 14:51:20,20260502_145027,post_attack,h5,modbus_tcp_inject,4,,,,2136.717000,,,,,,holding_reg=13 unit=1 I_SCALE=50
2026-05-02 14:51:20,20260502_145027,post_attack,h5,modbus_tcp_inject,5,,,,2113.960000,,,,,,holding_reg=14 unit=1 I_SCALE=50
2026-05-02 14:51:20,20260502_145027,post_attack,h2,original_sample,1,1.037000,340.640000,1.037000,340.640000,,1,,,,
2026-05-02 14:51:20,20260502_145027,post_attack,h2,original_sample,2,1.000000,288.800000,1.000000,288.800000,,1,,,,
2026-05-02 14:51:20,20260502_145027,post_attack,h2,original_sample,3,1.041000,784.200000,1.041000,784.200000,,1,,,,
2026-05-02 14:51:20,20260502_145027,post_attack,h2,original_sample,4,0.979000,653.080000,0.979000,653.080000,,1,,,,
2026-05-02 14:51:20,20260502_145027,post_attack,h2,original_sample,5,1.010000,266.220000,1.010000,266.220000,,1,,,,
2026-05-02 14:51:22,20260502_145027,post_attack,h3,final_forward,1,1.037000,340.640000,1.037000,340.640000,1.015170,1,1,,,MODBUS_TCP
2026-05-02 14:51:22,20260502_145027,post_attack,h3,final_forward,2,1.000000,288.800000,1.000000,288.800000,1.001021,1,1,,,MODBUS_TCP
2026-05-02 14:51:22,20260502_145027,post_attack,h3,final_forward,3,1.041000,784.200000,1.041000,784.200000,0.981498,1,1,,,MODBUS_TCP
2026-05-02 14:51:22,20260502_145027,post_attack,h3,final_forward,4,0.979000,653.080000,0.979000,653.080000,0.964314,1,1,,,MODBUS_TCP
2026-05-02 14:51:22,20260502_145027,post_attack,h3,final_forward,5,1.010000,266.220000,1.010000,266.220000,0.967734,1,1,,,MODBUS_TCP
2026-05-02 14:51:22,20260502_145027,post_attack,h5,modbus_tcp_inject,1,,,,2146.752000,,,,,,holding_reg=10 unit=1 I_SCALE=50
2026-05-02 14:51:22,20260502_145027,post_attack,h5,modbus_tcp_inject,2,,,,2567.837000,,,,,,holding_reg=11 unit=1 I_SCALE=50
2026-05-02 14:51:22,20260502_145027,post_attack,h5,modbus_tcp_inject,3,,,,2122.443000,,,,,,holding_reg=12 unit=1 I_SCALE=50
2026-05-02 14:51:22,20260502_145027,post_attack,h5,modbus_tcp_inject,4,,,,1937.799000,,,,,,holding_reg=13 unit=1 I_SCALE=50
2026-05-02 14:51:22,20260502_145027,post_attack,h5,modbus_tcp_inject,5,,,,2330.450000,,,,,,holding_reg=14 unit=1 I_SCALE=50
2026-05-02 14:51:24,20260502_145027,post_attack,h5,modbus_tcp_inject,1,,,,2538.034000,,,,,,holding_reg=10 unit=1 I_SCALE=50
2026-05-02 14:51:24,20260502_145027,post_attack,h5,modbus_tcp_inject,2,,,,2542.326000,,,,,,holding_reg=11 unit=1 I_SCALE=50
2026-05-02 14:51:24,20260502_145027,post_attack,h5,modbus_tcp_inject,3,,,,2276.938000,,,,,,holding_reg=12 unit=1 I_SCALE=50
2026-05-02 14:51:24,20260502_145027,post_attack,h5,modbus_tcp_inject,4,,,,2492.946000,,,,,,holding_reg=13 unit=1 I_SCALE=50
2026-05-02 14:51:24,20260502_145027,post_attack,h5,modbus_tcp_inject,5,,,,1851.845000,,,,,,holding_reg=14 unit=1 I_SCALE=50
2026-05-02 14:51:25,20260502_145027,post_attack,h2,original_sample,1,1.026000,549.540000,1.026000,549.540000,,1,,,,
2026-05-02 14:51:25,20260502_145027,post_attack,h2,original_sample,2,1.027000,541.980000,1.027000,541.980000,,1,,,,
2026-05-02 14:51:25,20260502_145027,post_attack,h2,original_sample,3,0.950000,420.820000,0.950000,420.820000,,1,,,,
2026-05-02 14:51:25,20260502_145027,post_attack,h2,original_sample,4,0.951000,904.720000,0.951000,904.720000,,1,,,,
2026-05-02 14:51:25,20260502_145027,post_attack,h2,original_sample,5,1.037000,758.200000,1.037000,758.200000,,1,,,,
2026-05-02 14:51:26,20260502_145027,post_attack,h3,final_forward,1,1.026000,549.540000,1.026000,549.540000,1.025865,1,1,,,MODBUS_TCP
2026-05-02 14:51:26,20260502_145027,post_attack,h3,final_forward,2,1.027000,541.980000,1.027000,541.980000,1.020530,1,1,,,MODBUS_TCP
2026-05-02 14:51:26,20260502_145027,post_attack,h3,final_forward,3,0.950000,420.820000,0.950000,420.820000,1.008616,1,1,,,MODBUS_TCP
2026-05-02 14:51:26,20260502_145027,post_attack,h3,final_forward,4,0.951000,904.720000,0.951000,904.720000,0.999634,1,1,,,MODBUS_TCP
2026-05-02 14:51:26,20260502_145027,post_attack,h3,final_forward,5,1.037000,758.200000,1.037000,758.200000,1.002385,1,1,,,MODBUS_TCP
2026-05-02 14:51:26,20260502_145027,post_attack,h5,modbus_tcp_inject,1,,,,2399.644000,,,,,,holding_reg=10 unit=1 I_SCALE=50
2026-05-02 14:51:26,20260502_145027,post_attack,h5,modbus_tcp_inject,2,,,,2473.613000,,,,,,holding_reg=11 unit=1 I_SCALE=50
2026-05-02 14:51:26,20260502_145027,post_attack,h5,modbus_tcp_inject,3,,,,2180.499000,,,,,,holding_reg=12 unit=1 I_SCALE=50
2026-05-02 14:51:26,20260502_145027,post_attack,h5,modbus_tcp_inject,4,,,,2555.920000,,,,,,holding_reg=13 unit=1 I_SCALE=50
2026-05-02 14:51:26,20260502_145027,post_attack,h5,modbus_tcp_inject,5,,,,2342.716000,,,,,,holding_reg=14 unit=1 I_SCALE=50
2026-05-02 14:51:28,20260502_145027,post_attack,h5,modbus_tcp_inject,1,,,,1881.118000,,,,,,holding_reg=10 unit=1 I_SCALE=50
2026-05-02 14:51:28,20260502_145027,post_attack,h5,modbus_tcp_inject,2,,,,2549.586000,,,,,,holding_reg=11 unit=1 I_SCALE=50
2026-05-02 14:51:28,20260502_145027,post_attack,h5,modbus_tcp_inject,3,,,,2333.507000,,,,,,holding_reg=12 unit=1 I_SCALE=50
2026-05-02 14:51:28,20260502_145027,post_attack,h5,modbus_tcp_inject,4,,,,1920.478000,,,,,,holding_reg=13 unit=1 I_SCALE=50
2026-05-02 14:51:28,20260502_145027,post_attack,h5,modbus_tcp_inject,5,,,,2097.520000,,,,,,holding_reg=14 unit=1 I_SCALE=50
2026-05-02 14:51:29,20260502_145027,post_attack,h2,original_sample,1,1.026000,549.540000,1.026000,549.540000,,1,,,,
2026-05-02 14:51:29,20260502_145027,post_attack,h2,original_sample,2,1.027000,541.980000,1.027000,541.980000,,1,,,,
2026-05-02 14:51:29,20260502_145027,post_attack,h2,original_sample,3,0.950000,420.820000,0.950000,420.820000,,1,,,,
2026-05-02 14:51:29,20260502_145027,post_attack,h2,original_sample,4,0.951000,904.720000,0.951000,904.720000,,1,,,,
2026-05-02 14:51:29,20260502_145027,post_attack,h2,original_sample,5,1.037000,758.200000,1.037000,758.200000,,1,,,,
2026-05-02 14:51:30,20260502_145027,post_attack,h3,final_forward,1,1.026000,549.540000,1.026000,549.540000,1.029889,1,1,,,MODBUS_TCP
2026-05-02 14:51:30,20260502_145027,post_attack,h3,final_forward,2,1.027000,541.980000,1.027000,541.980000,1.027432,1,1,,,MODBUS_TCP
2026-05-02 14:51:30,20260502_145027,post_attack,h3,final_forward,3,0.950000,420.820000,0.950000,420.820000,1.018143,1,1,,,MODBUS_TCP
2026-05-02 14:51:30,20260502_145027,post_attack,h3,final_forward,4,0.951000,904.720000,0.951000,904.720000,1.009364,1,1,,,MODBUS_TCP
2026-05-02 14:51:30,20260502_145027,post_attack,h3,final_forward,5,1.037000,758.200000,1.037000,758.200000,1.011846,1,1,,,MODBUS_TCP
2026-05-02 14:51:30,20260502_145027,post_attack,h5,modbus_tcp_inject,1,,,,1987.083000,,,,,,holding_reg=10 unit=1 I_SCALE=50
2026-05-02 14:51:30,20260502_145027,post_attack,h5,modbus_tcp_inject,2,,,,2119.593000,,,,,,holding_reg=11 unit=1 I_SCALE=50
2026-05-02 14:51:30,20260502_145027,post_attack,h5,modbus_tcp_inject,3,,,,2462.171000,,,,,,holding_reg=12 unit=1 I_SCALE=50
2026-05-02 14:51:30,20260502_145027,post_attack,h5,modbus_tcp_inject,4,,,,2096.374000,,,,,,holding_reg=13 unit=1 I_SCALE=50
2026-05-02 14:51:30,20260502_145027,post_attack,h5,modbus_tcp_inject,5,,,,2262.071000,,,,,,holding_reg=14 unit=1 I_SCALE=50
2026-05-02 14:51:32,20260502_145027,post_attack,h5,modbus_tcp_inject,1,,,,2239.024000,,,,,,holding_reg=10 unit=1 I_SCALE=50
2026-05-02 14:51:32,20260502_145027,post_attack,h5,modbus_tcp_inject,2,,,,1855.962000,,,,,,holding_reg=11 unit=1 I_SCALE=50
2026-05-02 14:51:32,20260502_145027,post_attack,h5,modbus_tcp_inject,3,,,,1859.570000,,,,,,holding_reg=12 unit=1 I_SCALE=50
2026-05-02 14:51:32,20260502_145027,post_attack,h5,modbus_tcp_inject,4,,,,2542.416000,,,,,,holding_reg=13 unit=1 I_SCALE=50
2026-05-02 14:51:32,20260502_145027,post_attack,h5,modbus_tcp_inject,5,,,,2115.981000,,,,,,holding_reg=14 unit=1 I_SCALE=50
2026-05-02 14:51:33,20260502_145027,post_attack,h2,original_sample,1,0.980000,200.600000,0.980000,200.600000,,1,,,,
2026-05-02 14:51:33,20260502_145027,post_attack,h2,original_sample,2,1.037000,842.980000,1.037000,842.980000,,1,,,,
2026-05-02 14:51:33,20260502_145027,post_attack,h2,original_sample,3,0.958000,545.860000,0.958000,545.860000,,1,,,,
2026-05-02 14:51:33,20260502_145027,post_attack,h2,original_sample,4,0.956000,765.700000,0.956000,765.700000,,1,,,,
2026-05-02 14:51:33,20260502_145027,post_attack,h2,original_sample,5,1.026000,244.000000,1.026000,244.000000,,1,,,,
2026-05-02 14:51:34,20260502_145027,post_attack,h3,final_forward,1,0.980000,200.600000,0.980000,200.600000,1.032374,1,1,,,MODBUS_TCP
2026-05-02 14:51:34,20260502_145027,post_attack,h3,final_forward,2,1.037000,842.980000,1.037000,842.980000,1.031381,1,1,,,MODBUS_TCP
2026-05-02 14:51:34,20260502_145027,post_attack,h3,final_forward,3,0.958000,545.860000,0.958000,545.860000,1.023323,1,1,,,MODBUS_TCP
2026-05-02 14:51:34,20260502_145027,post_attack,h3,final_forward,4,0.956000,765.700000,0.956000,765.700000,1.014432,1,1,,,MODBUS_TCP
2026-05-02 14:51:34,20260502_145027,post_attack,h3,final_forward,5,1.026000,244.000000,1.026000,244.000000,1.016780,1,1,,,MODBUS_TCP
2026-05-02 14:51:34,20260502_145027,post_attack,h5,modbus_tcp_inject,1,,,,2410.937000,,,,,,holding_reg=10 unit=1 I_SCALE=50
2026-05-02 14:51:34,20260502_145027,post_attack,h5,modbus_tcp_inject,2,,,,1862.701000,,,,,,holding_reg=11 unit=1 I_SCALE=50
2026-05-02 14:51:34,20260502_145027,post_attack,h5,modbus_tcp_inject,3,,,,2537.005000,,,,,,holding_reg=12 unit=1 I_SCALE=50
2026-05-02 14:51:34,20260502_145027,post_attack,h5,modbus_tcp_inject,4,,,,1950.532000,,,,,,holding_reg=13 unit=1 I_SCALE=50
2026-05-02 14:51:34,20260502_145027,post_attack,h5,modbus_tcp_inject,5,,,,2510.050000,,,,,,holding_reg=14 unit=1 I_SCALE=50
2026-05-02 14:51:36,20260502_145027,post_attack,h5,modbus_tcp_inject,1,,,,2088.038000,,,,,,holding_reg=10 unit=1 I_SCALE=50
2026-05-02 14:51:36,20260502_145027,post_attack,h5,modbus_tcp_inject,2,,,,2172.712000,,,,,,holding_reg=11 unit=1 I_SCALE=50
2026-05-02 14:51:36,20260502_145027,post_attack,h5,modbus_tcp_inject,3,,,,2197.959000,,,,,,holding_reg=12 unit=1 I_SCALE=50
2026-05-02 14:51:36,20260502_145027,post_attack,h5,modbus_tcp_inject,4,,,,2207.187000,,,,,,holding_reg=13 unit=1 I_SCALE=50
2026-05-02 14:51:36,20260502_145027,post_attack,h5,modbus_tcp_inject,5,,,,1801.543000,,,,,,holding_reg=14 unit=1 I_SCALE=50
2026-05-02 14:51:37,20260502_145027,post_attack,h2,original_sample,1,0.997000,573.340000,0.997000,573.340000,,1,,,,
2026-05-02 14:51:37,20260502_145027,post_attack,h2,original_sample,2,0.976000,837.700000,0.976000,837.700000,,1,,,,
2026-05-02 14:51:37,20260502_145027,post_attack,h2,original_sample,3,0.992000,316.540000,0.992000,316.540000,,1,,,,
2026-05-02 14:51:37,20260502_145027,post_attack,h2,original_sample,4,1.003000,706.540000,1.003000,706.540000,,1,,,,
2026-05-02 14:51:37,20260502_145027,post_attack,h2,original_sample,5,0.970000,402.340000,0.970000,402.340000,,1,,,,
2026-05-02 14:51:38,20260502_145027,post_attack,h3,final_forward,1,0.997000,573.340000,0.997000,573.340000,1.036885,1,1,,,MODBUS_TCP
2026-05-02 14:51:38,20260502_145027,post_attack,h3,final_forward,2,0.976000,837.700000,0.976000,837.700000,1.032879,1,1,,,MODBUS_TCP
2026-05-02 14:51:38,20260502_145027,post_attack,h3,final_forward,3,0.992000,316.540000,0.992000,316.540000,1.027214,1,1,,,MODBUS_TCP
2026-05-02 14:51:38,20260502_145027,post_attack,h3,final_forward,4,1.002000,706.540000,1.002000,706.540000,1.020998,1,1,,,MODBUS_TCP
2026-05-02 14:51:38,20260502_145027,post_attack,h3,final_forward,5,0.970000,402.340000,0.970000,402.340000,1.023517,1,1,,,MODBUS_TCP
2026-05-02 14:51:38,20260502_145027,post_attack,h5,modbus_tcp_inject,1,,,,2062.070000,,,,,,holding_reg=10 unit=1 I_SCALE=50
2026-05-02 14:51:38,20260502_145027,post_attack,h5,modbus_tcp_inject,2,,,,1911.467000,,,,,,holding_reg=11 unit=1 I_SCALE=50
2026-05-02 14:51:38,20260502_145027,post_attack,h5,modbus_tcp_inject,3,,,,1865.349000,,,,,,holding_reg=12 unit=1 I_SCALE=50
2026-05-02 14:51:38,20260502_145027,post_attack,h5,modbus_tcp_inject,4,,,,2485.995000,,,,,,holding_reg=13 unit=1 I_SCALE=50
2026-05-02 14:51:38,20260502_145027,post_attack,h5,modbus_tcp_inject,5,,,,2089.780000,,,,,,holding_reg=14 unit=1 I_SCALE=50
2026-05-02 14:51:40,20260502_145027,post_attack,h5,modbus_tcp_inject,1,,,,2308.016000,,,,,,holding_reg=10 unit=1 I_SCALE=50
2026-05-02 14:51:40,20260502_145027,post_attack,h5,modbus_tcp_inject,2,,,,2236.466000,,,,,,holding_reg=11 unit=1 I_SCALE=50
2026-05-02 14:51:40,20260502_145027,post_attack,h5,modbus_tcp_inject,3,,,,2300.134000,,,,,,holding_reg=12 unit=1 I_SCALE=50
2026-05-02 14:51:40,20260502_145027,post_attack,h5,modbus_tcp_inject,4,,,,1953.807000,,,,,,holding_reg=13 unit=1 I_SCALE=50
2026-05-02 14:51:40,20260502_145027,post_attack,h5,modbus_tcp_inject,5,,,,2467.581000,,,,,,holding_reg=14 unit=1 I_SCALE=50
2026-05-02 14:51:41,20260502_145027,post_attack,h2,original_sample,1,1.049000,617.680000,1.049000,617.680000,,1,,,,
2026-05-02 14:51:41,20260502_145027,post_attack,h2,original_sample,2,0.993000,550.740000,0.993000,550.740000,,1,,,,
2026-05-02 14:51:41,20260502_145027,post_attack,h2,original_sample,3,0.962000,336.700000,0.962000,336.700000,,1,,,,
2026-05-02 14:51:41,20260502_145027,post_attack,h2,original_sample,4,0.983000,611.180000,0.983000,611.180000,,1,,,,
2026-05-02 14:51:41,20260502_145027,post_attack,h2,original_sample,5,0.973000,329.420000,0.973000,329.420000,,1,,,,
2026-05-02 14:51:42,20260502_145027,post_attack,h3,final_forward,1,1.049000,617.660000,1.049000,617.660000,1.036853,1,1,,,MODBUS_TCP
2026-05-02 14:51:42,20260502_145027,post_attack,h3,final_forward,2,0.993000,550.740000,0.993000,550.740000,1.033981,1,1,,,MODBUS_TCP
2026-05-02 14:51:42,20260502_145027,post_attack,h3,final_forward,3,0.962000,336.700000,0.962000,336.700000,1.029950,1,1,,,MODBUS_TCP
2026-05-02 14:51:42,20260502_145027,post_attack,h3,final_forward,4,0.983000,611.160000,0.983000,611.160000,1.024519,1,1,,,MODBUS_TCP
2026-05-02 14:51:42,20260502_145027,post_attack,h3,final_forward,5,0.973000,329.420000,0.973000,329.420000,1.027009,1,1,,,MODBUS_TCP
2026-05-02 14:51:42,20260502_145027,post_attack,h5,modbus_tcp_inject,1,,,,2391.560000,,,,,,holding_reg=10 unit=1 I_SCALE=50
2026-05-02 14:51:42,20260502_145027,post_attack,h5,modbus_tcp_inject,2,,,,2014.274000,,,,,,holding_reg=11 unit=1 I_SCALE=50
2026-05-02 14:51:42,20260502_145027,post_attack,h5,modbus_tcp_inject,3,,,,2205.184000,,,,,,holding_reg=12 unit=1 I_SCALE=50
2026-05-02 14:51:42,20260502_145027,post_attack,h5,modbus_tcp_inject,4,,,,1844.780000,,,,,,holding_reg=13 unit=1 I_SCALE=50
2026-05-02 14:51:42,20260502_145027,post_attack,h5,modbus_tcp_inject,5,,,,2199.700000,,,,,,holding_reg=14 unit=1 I_SCALE=50
2026-05-02 14:51:44,20260502_145027,post_attack,h5,modbus_tcp_inject,1,,,,2354.948000,,,,,,holding_reg=10 unit=1 I_SCALE=50
2026-05-02 14:51:44,20260502_145027,post_attack,h5,modbus_tcp_inject,2,,,,2319.022000,,,,,,holding_reg=11 unit=1 I_SCALE=50
2026-05-02 14:51:44,20260502_145027,post_attack,h5,modbus_tcp_inject,3,,,,2402.682000,,,,,,holding_reg=12 unit=1 I_SCALE=50
2026-05-02 14:51:44,20260502_145027,post_attack,h5,modbus_tcp_inject,4,,,,1828.937000,,,,,,holding_reg=13 unit=1 I_SCALE=50
2026-05-02 14:51:44,20260502_145027,post_attack,h5,modbus_tcp_inject,5,,,,2227.118000,,,,,,holding_reg=14 unit=1 I_SCALE=50
2026-05-02 14:51:45,20260502_145027,post_attack,h2,original_sample,1,0.957000,662.360000,0.957000,662.360000,,1,,,,
2026-05-02 14:51:45,20260502_145027,post_attack,h2,original_sample,2,0.972000,866.680000,0.972000,866.680000,,1,,,,
2026-05-02 14:51:45,20260502_145027,post_attack,h2,original_sample,3,1.035000,199.420000,1.035000,199.420000,,1,,,,
2026-05-02 14:51:45,20260502_145027,post_attack,h2,original_sample,4,0.973000,680.660000,0.973000,680.660000,,1,,,,
2026-05-02 14:51:45,20260502_145027,post_attack,h2,original_sample,5,0.971000,260.920000,0.971000,260.920000,,1,,,,
2026-05-02 14:51:46,20260502_145027,post_attack,h3,final_forward,1,0.957000,662.360000,0.957000,662.360000,1.036853,1,1,,,MODBUS_TCP
2026-05-02 14:51:46,20260502_145027,post_attack,h3,final_forward,2,0.972000,866.680000,0.972000,866.680000,1.033981,1,1,,,MODBUS_TCP
2026-05-02 14:51:46,20260502_145027,post_attack,h3,final_forward,3,1.035000,199.420000,1.035000,199.420000,1.029950,1,1,,,MODBUS_TCP
2026-05-02 14:51:46,20260502_145027,post_attack,h3,final_forward,4,0.973000,680.660000,0.973000,680.660000,1.024519,1,1,,,MODBUS_TCP
2026-05-02 14:51:46,20260502_145027,post_attack,h3,final_forward,5,0.971000,260.920000,0.971000,260.920000,1.027009,1,1,,,MODBUS_TCP
2026-05-02 14:51:46,20260502_145027,post_attack,h5,modbus_tcp_inject,1,,,,2176.362000,,,,,,holding_reg=10 unit=1 I_SCALE=50
2026-05-02 14:51:46,20260502_145027,post_attack,h5,modbus_tcp_inject,2,,,,2200.256000,,,,,,holding_reg=11 unit=1 I_SCALE=50
2026-05-02 14:51:46,20260502_145027,post_attack,h5,modbus_tcp_inject,3,,,,2407.829000,,,,,,holding_reg=12 unit=1 I_SCALE=50
2026-05-02 14:51:46,20260502_145027,post_attack,h5,modbus_tcp_inject,4,,,,2419.245000,,,,,,holding_reg=13 unit=1 I_SCALE=50
2026-05-02 14:51:46,20260502_145027,post_attack,h5,modbus_tcp_inject,5,,,,2552.760000,,,,,,holding_reg=14 unit=1 I_SCALE=50
2026-05-02 14:51:48,20260502_145027,post_attack,h5,modbus_tcp_inject,1,,,,1862.736000,,,,,,holding_reg=10 unit=1 I_SCALE=50
2026-05-02 14:51:48,20260502_145027,post_attack,h5,modbus_tcp_inject,2,,,,2279.041000,,,,,,holding_reg=11 unit=1 I_SCALE=50
2026-05-02 14:51:48,20260502_145027,post_attack,h5,modbus_tcp_inject,3,,,,2216.642000,,,,,,holding_reg=12 unit=1 I_SCALE=50
2026-05-02 14:51:48,20260502_145027,post_attack,h5,modbus_tcp_inject,4,,,,1922.401000,,,,,,holding_reg=13 unit=1 I_SCALE=50
2026-05-02 14:51:48,20260502_145027,post_attack,h5,modbus_tcp_inject,5,,,,2336.634000,,,,,,holding_reg=14 unit=1 I_SCALE=50
2026-05-02 14:51:49,20260502_145027,post_attack,h2,original_sample,1,0.957000,662.360000,0.957000,662.360000,,1,,,,
2026-05-02 14:51:49,20260502_145027,post_attack,h2,original_sample,2,0.972000,866.680000,0.972000,866.680000,,1,,,,
2026-05-02 14:51:49,20260502_145027,post_attack,h2,original_sample,3,1.035000,199.420000,1.035000,199.420000,,1,,,,
2026-05-02 14:51:49,20260502_145027,post_attack,h2,original_sample,4,0.973000,680.660000,0.973000,680.660000,,1,,,,
2026-05-02 14:51:49,20260502_145027,post_attack,h2,original_sample,5,0.971000,260.920000,0.971000,260.920000,,1,,,,
2026-05-02 14:51:50,20260502_145027,post_attack,h3,final_forward,1,0.957000,662.360000,0.957000,662.360000,1.036458,1,1,,,MODBUS_TCP
2026-05-02 14:51:50,20260502_145027,post_attack,h3,final_forward,2,0.972000,866.680000,0.972000,866.680000,1.036600,1,1,,,MODBUS_TCP
2026-05-02 14:51:50,20260502_145027,post_attack,h3,final_forward,3,1.035000,199.420000,1.035000,199.420000,1.033059,1,1,,,MODBUS_TCP
2026-05-02 14:51:50,20260502_145027,post_attack,h3,final_forward,4,0.973000,680.660000,0.973000,680.660000,1.028524,1,1,,,MODBUS_TCP
2026-05-02 14:51:50,20260502_145027,post_attack,h3,final_forward,5,0.971000,260.920000,0.971000,260.920000,1.030976,1,1,,,MODBUS_TCP
2026-05-02 14:51:50,20260502_145027,post_attack,h5,modbus_tcp_inject,1,,,,2474.270000,,,,,,holding_reg=10 unit=1 I_SCALE=50
2026-05-02 14:51:50,20260502_145027,post_attack,h5,modbus_tcp_inject,2,,,,2575.164000,,,,,,holding_reg=11 unit=1 I_SCALE=50
2026-05-02 14:51:50,20260502_145027,post_attack,h5,modbus_tcp_inject,3,,,,1983.982000,,,,,,holding_reg=12 unit=1 I_SCALE=50
2026-05-02 14:51:50,20260502_145027,post_attack,h5,modbus_tcp_inject,4,,,,1912.315000,,,,,,holding_reg=13 unit=1 I_SCALE=50
2026-05-02 14:51:50,20260502_145027,post_attack,h5,modbus_tcp_inject,5,,,,2065.411000,,,,,,holding_reg=14 unit=1 I_SCALE=50
2026-05-02 14:51:52,20260502_145027,post_attack,h5,modbus_tcp_inject,1,,,,2157.739000,,,,,,holding_reg=10 unit=1 I_SCALE=50
2026-05-02 14:51:52,20260502_145027,post_attack,h5,modbus_tcp_inject,2,,,,2142.782000,,,,,,holding_reg=11 unit=1 I_SCALE=50
2026-05-02 14:51:52,20260502_145027,post_attack,h5,modbus_tcp_inject,3,,,,1990.019000,,,,,,holding_reg=12 unit=1 I_SCALE=50
2026-05-02 14:51:52,20260502_145027,post_attack,h5,modbus_tcp_inject,4,,,,2121.747000,,,,,,holding_reg=13 unit=1 I_SCALE=50
2026-05-02 14:51:52,20260502_145027,post_attack,h5,modbus_tcp_inject,5,,,,2550.972000,,,,,,holding_reg=14 unit=1 I_SCALE=50
2026-05-02 14:51:53,20260502_145027,post_attack,h2,original_sample,1,1.043000,563.580000,1.043000,563.580000,,1,,,,
2026-05-02 14:51:53,20260502_145027,post_attack,h2,original_sample,2,0.997000,753.100000,0.997000,753.100000,,1,,,,
2026-05-02 14:51:53,20260502_145027,post_attack,h2,original_sample,3,1.030000,288.900000,1.030000,288.900000,,1,,,,
2026-05-02 14:51:53,20260502_145027,post_attack,h2,original_sample,4,0.959000,501.560000,0.959000,501.560000,,1,,,,
2026-05-02 14:51:53,20260502_145027,post_attack,h2,original_sample,5,0.992000,512.700000,0.992000,512.700000,,1,,,,
2026-05-02 14:51:54,20260502_145027,post_attack,h3,final_forward,1,1.043000,563.580000,1.043000,563.580000,1.036141,1,1,,,MODBUS_TCP
2026-05-02 14:51:54,20260502_145027,post_attack,h3,final_forward,2,0.997000,753.100000,0.997000,753.100000,1.036573,1,1,,,MODBUS_TCP
2026-05-02 14:51:54,20260502_145027,post_attack,h3,final_forward,3,1.030000,288.880000,1.030000,288.880000,1.034443,1,1,,,MODBUS_TCP
2026-05-02 14:51:54,20260502_145027,post_attack,h3,final_forward,4,0.959000,501.560000,0.959000,501.560000,1.030376,1,1,,,MODBUS_TCP
2026-05-02 14:51:54,20260502_145027,post_attack,h3,final_forward,5,0.992000,512.700000,0.992000,512.700000,1.032873,1,1,,,MODBUS_TCP
2026-05-02 14:51:54,20260502_145027,post_attack,h5,modbus_tcp_inject,1,,,,2532.465000,,,,,,holding_reg=10 unit=1 I_SCALE=50
2026-05-02 14:51:54,20260502_145027,post_attack,h5,modbus_tcp_inject,2,,,,1877.090000,,,,,,holding_reg=11 unit=1 I_SCALE=50
2026-05-02 14:51:54,20260502_145027,post_attack,h5,modbus_tcp_inject,3,,,,2300.884000,,,,,,holding_reg=12 unit=1 I_SCALE=50
2026-05-02 14:51:54,20260502_145027,post_attack,h5,modbus_tcp_inject,4,,,,2449.306000,,,,,,holding_reg=13 unit=1 I_SCALE=50
2026-05-02 14:51:54,20260502_145027,post_attack,h5,modbus_tcp_inject,5,,,,2572.828000,,,,,,holding_reg=14 unit=1 I_SCALE=50
