timestamp,run_id,phase,source,event,bus,v_raw,i_raw,v_final,i_final,breaker_cmd,breaker_fb,ttl,client,detail
2026-04-17 03:51:31,no_attack,pre_attack,h3,final_forward,1,0.000000,0.000000,0.000000,0.000000,1,0,,,RTU
2026-04-17 03:51:31,no_attack,pre_attack,h3,final_forward,2,0.000000,0.000000,0.000000,0.000000,1,0,,,RTU
2026-04-17 03:51:31,no_attack,pre_attack,h3,final_forward,3,0.000000,0.000000,0.000000,0.000000,1,0,,,RTU
2026-04-17 03:51:31,no_attack,pre_attack,h3,final_forward,4,0.000000,0.000000,0.000000,0.000000,1,0,,,RTU
2026-04-17 03:51:31,no_attack,pre_attack,h3,final_forward,5,0.000000,0.000000,0.000000,0.000000,1,0,,,RTU
2026-04-17 03:51:31,no_attack,pre_attack,h2,original_sample,1,0.955000,0.995000,0.955000,0.995000,1,,,,
2026-04-17 03:51:31,no_attack,pre_attack,h2,original_sample,2,1.048000,1.028000,1.048000,1.028000,1,,,,
2026-04-17 03:51:31,no_attack,pre_attack,h2,original_sample,3,1.030000,1.855000,1.030000,1.855000,1,,,,
2026-04-17 03:51:31,no_attack,pre_attack,h2,original_sample,4,0.966000,1.876000,0.966000,1.876000,1,,,,
2026-04-17 03:51:31,no_attack,pre_attack,h2,original_sample,5,0.956000,0.206000,0.956000,0.206000,1,,,,
2026-04-17 03:51:35,no_attack,pre_attack,h3,final_forward,1,0.955000,0.995000,0.955000,0.995000,0,1,,,RTU
2026-04-17 03:51:35,no_attack,pre_attack,h3,final_forward,2,1.048000,1.028000,1.048000,1.028000,0,1,,,RTU
2026-04-17 03:51:35,no_attack,pre_attack,h3,final_forward,3,1.030000,1.855000,1.030000,1.855000,0,1,,,RTU
2026-04-17 03:51:35,no_attack,pre_attack,h3,final_forward,4,0.966000,1.876000,0.966000,1.876000,1,1,,,RTU
2026-04-17 03:51:35,no_attack,pre_attack,h3,final_forward,5,0.956000,0.206000,0.956000,0.206000,1,1,,,RTU
2026-04-17 03:51:35,no_attack,pre_attack,h2,original_sample,1,1.038000,1.060000,1.038000,1.060000,0,,,,
2026-04-17 03:51:35,no_attack,pre_attack,h2,original_sample,2,0.988000,0.471000,0.988000,0.471000,0,,,,
2026-04-17 03:51:35,no_attack,pre_attack,h2,original_sample,3,1.045000,1.221000,1.045000,1.221000,0,,,,
2026-04-17 03:51:35,no_attack,pre_attack,h2,original_sample,4,1.012000,0.949000,1.012000,0.949000,1,,,,
2026-04-17 03:51:35,no_attack,pre_attack,h2,original_sample,5,0.956000,0.159000,0.956000,0.159000,1,,,,
2026-04-17 03:51:39,no_attack,pre_attack,h3,final_forward,1,1.038000,1.060000,1.038000,1.060000,1,0,,,RTU
2026-04-17 03:51:39,no_attack,pre_attack,h3,final_forward,2,0.988000,0.471000,0.988000,0.471000,0,0,,,RTU
2026-04-17 03:51:39,no_attack,pre_attack,h3,final_forward,3,1.045000,1.221000,1.045000,1.221000,1,0,,,RTU
2026-04-17 03:51:39,no_attack,pre_attack,h3,final_forward,4,1.012000,0.949000,1.012000,0.949000,1,1,,,RTU
2026-04-17 03:51:39,no_attack,pre_attack,h3,final_forward,5,0.956000,0.159000,0.956000,0.159000,1,1,,,RTU
2026-04-17 03:51:39,no_attack,pre_attack,h2,original_sample,1,0.996000,1.102000,0.996000,1.102000,1,,,,
2026-04-17 03:51:39,no_attack,pre_attack,h2,original_sample,2,0.964000,0.788000,0.964000,0.788000,0,,,,
2026-04-17 03:51:39,no_attack,pre_attack,h2,original_sample,3,0.994000,0.421000,0.994000,0.421000,1,,,,
2026-04-17 03:51:39,no_attack,pre_attack,h2,original_sample,4,1.031000,1.025000,1.031000,1.025000,1,,,,
2026-04-17 03:51:39,no_attack,pre_attack,h2,original_sample,5,1.010000,1.581000,1.010000,1.581000,1,,,,
2026-04-17 03:51:43,no_attack,pre_attack,h3,final_forward,1,0.996000,1.102000,0.996000,1.102000,0,1,,,RTU
2026-04-17 03:51:43,no_attack,pre_attack,h3,final_forward,2,0.964000,0.788000,0.964000,0.788000,0,0,,,RTU
2026-04-17 03:51:43,no_attack,pre_attack,h3,final_forward,3,0.994000,0.421000,0.994000,0.421000,0,1,,,RTU
2026-04-17 03:51:43,no_attack,pre_attack,h3,final_forward,4,1.031000,1.025000,1.031000,1.025000,1,1,,,RTU
2026-04-17 03:51:43,no_attack,pre_attack,h3,final_forward,5,1.010000,1.581000,1.010000,1.581000,1,1,,,RTU
2026-04-17 03:51:43,no_attack,pre_attack,h2,original_sample,1,0.996000,1.102000,0.996000,1.102000,0,,,,
2026-04-17 03:51:43,no_attack,pre_attack,h2,original_sample,2,0.964000,0.788000,0.964000,0.788000,0,,,,
2026-04-17 03:51:43,no_attack,pre_attack,h2,original_sample,3,0.994000,0.421000,0.994000,0.421000,0,,,,
2026-04-17 03:51:43,no_attack,pre_attack,h2,original_sample,4,1.031000,1.025000,1.031000,1.025000,1,,,,
2026-04-17 03:51:43,no_attack,pre_attack,h2,original_sample,5,1.010000,1.581000,1.010000,1.581000,1,,,,
2026-04-17 03:51:47,no_attack,pre_attack,h3,final_forward,1,0.996000,1.102000,0.996000,1.102000,1,0,,,RTU
2026-04-17 03:51:47,no_attack,pre_attack,h3,final_forward,2,0.964000,0.788000,0.964000,0.788000,0,0,,,RTU
2026-04-17 03:51:47,no_attack,pre_attack,h3,final_forward,3,0.994000,0.421000,0.994000,0.421000,1,0,,,RTU
2026-04-17 03:51:47,no_attack,pre_attack,h3,final_forward,4,1.031000,1.025000,1.031000,1.025000,1,1,,,RTU
2026-04-17 03:51:47,no_attack,pre_attack,h3,final_forward,5,1.010000,1.581000,1.010000,1.581000,1,1,,,RTU
2026-04-17 03:51:47,no_attack,pre_attack,h2,original_sample,1,1.037000,0.250000,1.037000,0.250000,1,,,,
2026-04-17 03:51:47,no_attack,pre_attack,h2,original_sample,2,0.964000,1.876000,0.964000,1.876000,0,,,,
2026-04-17 03:51:47,no_attack,pre_attack,h2,original_sample,3,0.977000,1.196000,0.977000,1.196000,1,,,,
2026-04-17 03:51:47,no_attack,pre_attack,h2,original_sample,4,1.017000,0.636000,1.017000,0.636000,1,,,,
2026-04-17 03:51:47,no_attack,pre_attack,h2,original_sample,5,0.972000,1.831000,0.972000,1.831000,1,,,,
2026-04-17 03:51:51,no_attack,pre_attack,h3,final_forward,1,1.037000,0.250000,1.037000,0.250000,0,1,,,RTU
2026-04-17 03:51:51,no_attack,pre_attack,h3,final_forward,2,0.964000,1.876000,0.964000,1.876000,0,0,,,RTU
2026-04-17 03:51:51,no_attack,pre_attack,h3,final_forward,3,0.977000,1.196000,0.977000,1.196000,0,1,,,RTU
2026-04-17 03:51:51,no_attack,pre_attack,h3,final_forward,4,1.016000,0.636000,1.016000,0.636000,1,1,,,RTU
2026-04-17 03:51:51,no_attack,pre_attack,h3,final_forward,5,0.972000,1.831000,0.972000,1.831000,1,1,,,RTU
2026-04-17 03:51:51,no_attack,pre_attack,h2,original_sample,1,0.980000,1.268000,0.980000,1.268000,0,,,,
2026-04-17 03:51:51,no_attack,pre_attack,h2,original_sample,2,1.034000,0.800000,1.034000,0.800000,0,,,,
2026-04-17 03:51:51,no_attack,pre_attack,h2,original_sample,3,1.049000,1.819000,1.049000,1.819000,0,,,,
2026-04-17 03:51:51,no_attack,pre_attack,h2,original_sample,4,1.006000,1.853000,1.006000,1.853000,1,,,,
2026-04-17 03:51:51,no_attack,pre_attack,h2,original_sample,5,0.987000,1.482000,0.987000,1.482000,1,,,,
2026-04-17 03:51:55,no_attack,pre_attack,h3,final_forward,1,0.980000,1.268000,0.980000,1.268000,1,0,,,RTU
2026-04-17 03:51:55,no_attack,pre_attack,h3,final_forward,2,1.034000,0.800000,1.034000,0.800000,0,0,,,RTU
2026-04-17 03:51:55,no_attack,pre_attack,h3,final_forward,3,1.049000,1.819000,1.049000,1.819000,1,0,,,RTU
2026-04-17 03:51:55,no_attack,pre_attack,h3,final_forward,4,1.006000,1.853000,1.006000,1.853000,1,1,,,RTU
2026-04-17 03:51:55,no_attack,pre_attack,h3,final_forward,5,0.987000,1.482000,0.987000,1.482000,1,1,,,RTU
2026-04-17 03:51:55,no_attack,pre_attack,h2,original_sample,1,0.996000,0.561000,0.996000,0.561000,1,,,,
2026-04-17 03:51:55,no_attack,pre_attack,h2,original_sample,2,0.965000,1.142000,0.965000,1.142000,0,,,,
2026-04-17 03:51:55,no_attack,pre_attack,h2,original_sample,3,1.003000,0.904000,1.003000,0.904000,1,,,,
2026-04-17 03:51:55,no_attack,pre_attack,h2,original_sample,4,1.035000,1.737000,1.035000,1.737000,1,,,,
2026-04-17 03:51:55,no_attack,pre_attack,h2,original_sample,5,0.950000,0.307000,0.950000,0.307000,1,,,,
2026-04-17 03:51:59,no_attack,pre_attack,h3,final_forward,1,0.996000,0.561000,0.996000,0.561000,0,1,,,RTU
2026-04-17 03:51:59,no_attack,pre_attack,h3,final_forward,2,0.965000,1.142000,0.965000,1.142000,0,0,,,RTU
2026-04-17 03:51:59,no_attack,pre_attack,h3,final_forward,3,1.002000,0.904000,1.002000,0.904000,0,1,,,RTU
2026-04-17 03:51:59,no_attack,pre_attack,h3,final_forward,4,1.035000,1.737000,1.035000,1.737000,1,1,,,RTU
2026-04-17 03:51:59,no_attack,pre_attack,h3,final_forward,5,0.950000,0.307000,0.950000,0.307000,1,1,,,RTU
2026-04-17 03:51:59,no_attack,pre_attack,h2,original_sample,1,0.967000,1.728000,0.967000,1.728000,0,,,,
2026-04-17 03:51:59,no_attack,pre_attack,h2,original_sample,2,1.021000,0.737000,1.021000,0.737000,0,,,,
2026-04-17 03:51:59,no_attack,pre_attack,h2,original_sample,3,0.961000,1.360000,0.961000,1.360000,0,,,,
2026-04-17 03:51:59,no_attack,pre_attack,h2,original_sample,4,1.033000,0.694000,1.033000,0.694000,1,,,,
2026-04-17 03:51:59,no_attack,pre_attack,h2,original_sample,5,1.007000,1.032000,1.007000,1.032000,1,,,,
2026-04-17 03:52:03,no_attack,pre_attack,h3,final_forward,1,0.967000,1.728000,0.967000,1.728000,1,0,,,RTU
2026-04-17 03:52:03,no_attack,pre_attack,h3,final_forward,2,1.020000,0.737000,1.020000,0.737000,0,0,,,RTU
2026-04-17 03:52:03,no_attack,pre_attack,h3,final_forward,3,0.961000,1.360000,0.961000,1.360000,1,0,,,RTU
2026-04-17 03:52:03,no_attack,pre_attack,h3,final_forward,4,1.033000,0.694000,1.033000,0.694000,1,1,,,RTU
2026-04-17 03:52:03,no_attack,pre_attack,h3,final_forward,5,1.006000,1.032000,1.006000,1.032000,1,1,,,RTU
2026-04-17 03:52:03,no_attack,pre_attack,h2,original_sample,1,0.967000,1.728000,0.967000,1.728000,1,,,,
2026-04-17 03:52:03,no_attack,pre_attack,h2,original_sample,2,1.021000,0.737000,1.021000,0.737000,0,,,,
2026-04-17 03:52:03,no_attack,pre_attack,h2,original_sample,3,0.961000,1.360000,0.961000,1.360000,1,,,,
2026-04-17 03:52:03,no_attack,pre_attack,h2,original_sample,4,1.033000,0.694000,1.033000,0.694000,1,,,,
2026-04-17 03:52:03,no_attack,pre_attack,h2,original_sample,5,1.007000,1.032000,1.007000,1.032000,1,,,,
2026-04-17 03:52:07,no_attack,pre_attack,h3,final_forward,1,0.967000,1.728000,0.967000,1.728000,0,1,,,RTU
2026-04-17 03:52:07,no_attack,pre_attack,h3,final_forward,2,1.020000,0.737000,1.020000,0.737000,0,0,,,RTU
2026-04-17 03:52:07,no_attack,pre_attack,h3,final_forward,3,0.961000,1.360000,0.961000,1.360000,0,1,,,RTU
2026-04-17 03:52:07,no_attack,pre_attack,h3,final_forward,4,1.033000,0.694000,1.033000,0.694000,1,1,,,RTU
2026-04-17 03:52:07,no_attack,pre_attack,h3,final_forward,5,1.006000,1.032000,1.006000,1.032000,1,1,,,RTU
2026-04-17 03:52:08,no_attack,pre_attack,h2,original_sample,1,1.031000,0.946000,1.031000,0.946000,0,,,,
2026-04-17 03:52:08,no_attack,pre_attack,h2,original_sample,2,1.028000,1.424000,1.028000,1.424000,0,,,,
2026-04-17 03:52:08,no_attack,pre_attack,h2,original_sample,3,0.989000,1.355000,0.989000,1.355000,0,,,,
2026-04-17 03:52:08,no_attack,pre_attack,h2,original_sample,4,0.977000,0.687000,0.977000,0.687000,1,,,,
2026-04-17 03:52:08,no_attack,pre_attack,h2,original_sample,5,0.972000,0.432000,0.972000,0.432000,1,,,,
2026-04-17 03:52:11,no_attack,pre_attack,h3,final_forward,1,1.031000,0.946000,1.031000,0.946000,1,0,,,RTU
2026-04-17 03:52:11,no_attack,pre_attack,h3,final_forward,2,1.028000,1.424000,1.028000,1.424000,0,0,,,RTU
2026-04-17 03:52:11,no_attack,pre_attack,h3,final_forward,3,0.989000,1.355000,0.989000,1.355000,1,0,,,RTU
2026-04-17 03:52:11,no_attack,pre_attack,h3,final_forward,4,0.977000,0.687000,0.977000,0.687000,1,1,,,RTU
2026-04-17 03:52:11,no_attack,pre_attack,h3,final_forward,5,0.972000,0.432000,0.972000,0.432000,1,1,,,RTU
2026-04-17 03:52:12,no_attack,pre_attack,h2,original_sample,1,1.026000,1.566000,1.026000,1.566000,1,,,,
2026-04-17 03:52:12,no_attack,pre_attack,h2,original_sample,2,0.970000,0.127000,0.970000,0.127000,0,,,,
2026-04-17 03:52:12,no_attack,pre_attack,h2,original_sample,3,1.004000,1.948000,1.004000,1.948000,1,,,,
2026-04-17 03:52:12,no_attack,pre_attack,h2,original_sample,4,0.985000,1.997000,0.985000,1.997000,1,,,,
2026-04-17 03:52:12,no_attack,pre_attack,h2,original_sample,5,1.030000,1.902000,1.030000,1.902000,1,,,,
2026-04-17 03:52:15,no_attack,pre_attack,h3,final_forward,1,1.026000,1.566000,1.026000,1.566000,0,1,,,RTU
2026-04-17 03:52:15,no_attack,pre_attack,h3,final_forward,2,0.970000,0.127000,0.970000,0.127000,0,0,,,RTU
2026-04-17 03:52:15,no_attack,pre_attack,h3,final_forward,3,1.004000,1.948000,1.004000,1.948000,0,1,,,RTU
2026-04-17 03:52:15,no_attack,pre_attack,h3,final_forward,4,0.985000,1.997000,0.985000,1.997000,1,1,,,RTU
2026-04-17 03:52:15,no_attack,pre_attack,h3,final_forward,5,1.030000,1.902000,1.030000,1.902000,1,1,,,RTU
2026-04-17 03:52:16,no_attack,pre_attack,h2,original_sample,1,0.989000,1.761000,0.989000,1.761000,0,,,,
2026-04-17 03:52:16,no_attack,pre_attack,h2,original_sample,2,0.985000,0.920000,0.985000,0.920000,0,,,,
2026-04-17 03:52:16,no_attack,pre_attack,h2,original_sample,3,1.037000,1.221000,1.037000,1.221000,0,,,,
2026-04-17 03:52:16,no_attack,pre_attack,h2,original_sample,4,0.958000,0.386000,0.958000,0.386000,1,,,,
2026-04-17 03:52:16,no_attack,pre_attack,h2,original_sample,5,1.037000,1.297000,1.037000,1.297000,1,,,,
2026-04-17 03:52:19,no_attack,pre_attack,h3,final_forward,1,0.989000,1.761000,0.989000,1.761000,1,0,,,RTU
2026-04-17 03:52:19,no_attack,pre_attack,h3,final_forward,2,0.985000,0.920000,0.985000,0.920000,0,0,,,RTU
2026-04-17 03:52:19,no_attack,pre_attack,h3,final_forward,3,1.037000,1.221000,1.037000,1.221000,1,0,,,RTU
2026-04-17 03:52:19,no_attack,pre_attack,h3,final_forward,4,0.958000,0.386000,0.958000,0.386000,1,1,,,RTU
2026-04-17 03:52:19,no_attack,pre_attack,h3,final_forward,5,1.037000,1.297000,1.037000,1.297000,1,1,,,RTU
2026-04-17 03:52:20,no_attack,pre_attack,h2,original_sample,1,0.989000,0.924000,0.989000,0.924000,1,,,,
2026-04-17 03:52:20,no_attack,pre_attack,h2,original_sample,2,0.952000,0.830000,0.952000,0.830000,0,,,,
2026-04-17 03:52:20,no_attack,pre_attack,h2,original_sample,3,1.013000,1.784000,1.013000,1.784000,1,,,,
2026-04-17 03:52:20,no_attack,pre_attack,h2,original_sample,4,0.960000,0.878000,0.960000,0.878000,1,,,,
2026-04-17 03:52:20,no_attack,pre_attack,h2,original_sample,5,0.957000,0.933000,0.957000,0.933000,1,,,,
2026-04-17 03:52:23,no_attack,pre_attack,h3,final_forward,1,0.989000,0.924000,0.989000,0.924000,0,1,,,RTU
2026-04-17 03:52:23,no_attack,pre_attack,h3,final_forward,2,0.952000,0.830000,0.952000,0.830000,0,0,,,RTU
2026-04-17 03:52:23,no_attack,pre_attack,h3,final_forward,3,1.012000,1.784000,1.012000,1.784000,0,1,,,RTU
2026-04-17 03:52:23,no_attack,pre_attack,h3,final_forward,4,0.960000,0.878000,0.960000,0.878000,1,1,,,RTU
2026-04-17 03:52:23,no_attack,pre_attack,h3,final_forward,5,0.957000,0.933000,0.957000,0.933000,1,1,,,RTU
2026-04-17 03:52:24,no_attack,pre_attack,h2,original_sample,1,0.989000,0.924000,0.989000,0.924000,0,,,,
2026-04-17 03:52:24,no_attack,pre_attack,h2,original_sample,2,0.952000,0.830000,0.952000,0.830000,0,,,,
2026-04-17 03:52:24,no_attack,pre_attack,h2,original_sample,3,1.013000,1.784000,1.013000,1.784000,0,,,,
2026-04-17 03:52:24,no_attack,pre_attack,h2,original_sample,4,0.960000,0.878000,0.960000,0.878000,1,,,,
2026-04-17 03:52:24,no_attack,pre_attack,h2,original_sample,5,0.991000,1.342000,0.991000,1.342000,1,,,,
2026-04-17 03:52:27,no_attack,pre_attack,h3,final_forward,1,0.989000,0.924000,0.989000,0.924000,1,0,,,RTU
2026-04-17 03:52:27,no_attack,pre_attack,h3,final_forward,2,0.952000,0.830000,0.952000,0.830000,0,0,,,RTU
2026-04-17 03:52:27,no_attack,pre_attack,h3,final_forward,3,1.012000,1.784000,1.012000,1.784000,1,0,,,RTU
2026-04-17 03:52:27,no_attack,pre_attack,h3,final_forward,4,0.960000,0.878000,0.960000,0.878000,1,1,,,RTU
2026-04-17 03:52:27,no_attack,pre_attack,h3,final_forward,5,0.991000,1.342000,0.991000,1.342000,1,1,,,RTU
2026-04-17 03:52:29,no_attack,pre_attack,h2,original_sample,1,0.971000,1.171000,0.971000,1.171000,1,,,,
2026-04-17 03:52:29,no_attack,pre_attack,h2,original_sample,2,1.049000,1.582000,1.049000,1.582000,0,,,,
2026-04-17 03:52:29,no_attack,pre_attack,h2,original_sample,3,0.967000,1.735000,0.967000,1.735000,1,,,,
2026-04-17 03:52:29,no_attack,pre_attack,h2,original_sample,4,0.987000,1.110000,0.987000,1.110000,1,,,,
2026-04-17 03:52:29,no_attack,pre_attack,h2,original_sample,5,0.991000,1.342000,0.991000,1.342000,1,,,,
2026-04-17 03:52:31,no_attack,pre_attack,h3,final_forward,1,0.971000,1.171000,0.971000,1.171000,0,1,,,RTU
2026-04-17 03:52:31,no_attack,pre_attack,h3,final_forward,2,1.049000,1.582000,1.049000,1.582000,0,0,,,RTU
2026-04-17 03:52:31,no_attack,pre_attack,h3,final_forward,3,0.967000,1.735000,0.967000,1.735000,0,1,,,RTU
2026-04-17 03:52:31,no_attack,pre_attack,h3,final_forward,4,0.987000,1.110000,0.987000,1.110000,1,1,,,RTU
2026-04-17 03:52:31,no_attack,pre_attack,h3,final_forward,5,0.991000,1.342000,0.991000,1.342000,1,1,,,RTU
2026-04-17 03:52:33,no_attack,pre_attack,h2,original_sample,1,0.953000,0.916000,0.953000,0.916000,0,,,,
2026-04-17 03:52:33,no_attack,pre_attack,h2,original_sample,2,1.007000,0.599000,1.007000,0.599000,0,,,,
2026-04-17 03:52:33,no_attack,pre_attack,h2,original_sample,3,1.016000,1.742000,1.016000,1.742000,0,,,,
2026-04-17 03:52:33,no_attack,pre_attack,h2,original_sample,4,1.029000,1.912000,1.029000,1.912000,1,,,,
2026-04-17 03:52:33,no_attack,pre_attack,h2,original_sample,5,0.954000,1.051000,0.954000,1.051000,1,,,,
2026-04-17 03:52:35,no_attack,pre_attack,h3,final_forward,1,0.953000,0.916000,0.953000,0.916000,1,0,,,RTU
2026-04-17 03:52:35,no_attack,pre_attack,h3,final_forward,2,1.006000,0.599000,1.006000,0.599000,0,0,,,RTU
2026-04-17 03:52:35,no_attack,pre_attack,h3,final_forward,3,1.016000,1.742000,1.016000,1.742000,1,0,,,RTU
2026-04-17 03:52:35,no_attack,pre_attack,h3,final_forward,4,1.029000,1.912000,1.029000,1.912000,1,1,,,RTU
2026-04-17 03:52:35,no_attack,pre_attack,h3,final_forward,5,0.954000,1.051000,0.954000,1.051000,1,1,,,RTU
2026-04-17 03:52:36,20260417_035236,post_attack,h5,mitm_requested,,,,,,,,,,h5->h3
2026-04-17 03:52:36,20260417_035236,post_attack,h5,routing_snapshot,,,,,,,,,,"[before_attack] h2 ip route || default via 10.0.1.1 dev h2-eth0 
10.0.1.0/24 dev h2-eth0 proto kernel scope link src 10.0.1.3 || [before_attack] h2 ip route get 10.0.2.2 || 10.0.2.2 via 10.0.1.1 dev h2-eth0 src 10.0.1.3 uid 0 
    cache || [before_attack] h3 ip route || default via 10.0.2.1 dev h3-eth0 
10.0.2.0/24 dev h3-eth0 proto kernel scope link src 10.0.2.2 || [before_attack] h3 ip route get 10.0.1.3 || 10.0.1.3 via 10.0.2.1 dev h3-eth0 src 10.0.2.2 uid 0 
    cache || [before_attack] h5 ip route || default via 10.0.3.1 dev h5-eth0 
10.0.2.0/24 dev h5-eth1 proto kernel scope link src 10.0.2.100 
10.0.3.0/24 dev h5-eth0 proto kernel scope link src 10.0.3.3 || [before_attack] h5 ip addr || 1: lo: <LOOPBACK,UP,LOWER_UP> mtu 65536 qdisc noqueue state UNKNOWN group default qlen 1000
    link/loopback 00:00:00:00:00:00 brd 00:00:00:00:00:00
    inet 127.0.0.1/8 scope host lo
       valid_lft forever preferred_lft forever
    inet6 ::1/128 scope host 
       valid_lft forever preferred_lft forever
2: h5-eth0@if127: <BROADCAST,MULTICAST,UP,LOWER_UP> mtu 1500 qdisc htb state UP group default qlen 1000
    link/ether aa:71:28:dc:7b:86 brd ff:ff:ff:ff:ff:ff link-netnsid 0
    inet 10.0.3.3/24 brd 10.0.3.255 scope global h5-eth0
       valid_lft forever preferred_lft forever
    inet6 fe80::a871:28ff:fedc:7b86/64 scope link 
       valid_lft forever preferred_lft forever
3: h5-eth1@if128: <BROADCAST,MULTICAST,UP,LOWER_UP> mtu 1500 qdisc htb state UP group default qlen 1000
    link/ether ee:ac:20:d6:96:73 brd ff:ff:ff:ff:ff:ff link-netnsid 0
    inet 10.0.2.100/24 scope global h5-eth1
       valid_lft forever preferred_lft forever
    inet6 fe80::ecac:20ff:fed6:9673/64 scope link 
       valid_lft forever preferred_lft forever"
2026-04-17 03:52:36,20260417_035236,post_attack,h5,flags_enabled,,,,,,,,,,"/tmp/h3_http_inject_enabled,/tmp/mitm_attack_active"
2026-04-17 03:52:36,20260417_035236,post_attack,h5,injector_started,,,,,,,,,,http://10.0.2.2:8088/inject
2026-04-17 03:52:37,20260417_035236,post_attack,h2,original_sample,1,0.961000,1.576000,0.961000,1.576000,1,,,,
2026-04-17 03:52:37,20260417_035236,post_attack,h2,original_sample,2,1.043000,0.581000,1.043000,0.581000,0,,,,
2026-04-17 03:52:37,20260417_035236,post_attack,h2,original_sample,3,1.033000,1.043000,1.033000,1.043000,1,,,,
2026-04-17 03:52:37,20260417_035236,post_attack,h2,original_sample,4,1.042000,1.939000,1.042000,1.939000,1,,,,
2026-04-17 03:52:37,20260417_035236,post_attack,h2,original_sample,5,0.975000,0.664000,0.975000,0.664000,1,,,,
2026-04-17 03:52:37,20260417_035236,post_attack,h5,routing_snapshot,,,,,,,,,,"[after_attack_enabled] h2 ip route || default via 10.0.1.1 dev h2-eth0 
10.0.1.0/24 dev h2-eth0 proto kernel scope link src 10.0.1.3 || [after_attack_enabled] h2 ip route get 10.0.2.2 || 10.0.2.2 via 10.0.1.1 dev h2-eth0 src 10.0.1.3 uid 0 
    cache || [after_attack_enabled] h3 ip route || default via 10.0.2.1 dev h3-eth0 
10.0.2.0/24 dev h3-eth0 proto kernel scope link src 10.0.2.2 || [after_attack_enabled] h3 ip route get 10.0.1.3 || 10.0.1.3 via 10.0.2.1 dev h3-eth0 src 10.0.2.2 uid 0 
    cache || [after_attack_enabled] h5 ip route || default via 10.0.3.1 dev h5-eth0 
10.0.2.0/24 dev h5-eth1 proto kernel scope link src 10.0.2.100 
10.0.3.0/24 dev h5-eth0 proto kernel scope link src 10.0.3.3 || [after_attack_enabled] h5 ip addr || 1: lo: <LOOPBACK,UP,LOWER_UP> mtu 65536 qdisc noqueue state UNKNOWN group default qlen 1000
    link/loopback 00:00:00:00:00:00 brd 00:00:00:00:00:00
    inet 127.0.0.1/8 scope host lo
       valid_lft forever preferred_lft forever
    inet6 ::1/128 scope host 
       valid_lft forever preferred_lft forever
2: h5-eth0@if127: <BROADCAST,MULTICAST,UP,LOWER_UP> mtu 1500 qdisc htb state UP group default qlen 1000
    link/ether aa:71:28:dc:7b:86 brd ff:ff:ff:ff:ff:ff link-netnsid 0
    inet 10.0.3.3/24 brd 10.0.3.255 scope global h5-eth0
       valid_lft forever preferred_lft forever
    inet6 fe80::a871:28ff:fedc:7b86/64 scope link 
       valid_lft forever preferred_lft forever
3: h5-eth1@if128: <BROADCAST,MULTICAST,UP,LOWER_UP> mtu 1500 qdisc htb state UP group default qlen 1000
    link/ether ee:ac:20:d6:96:73 brd ff:ff:ff:ff:ff:ff link-netnsid 0
    inet 10.0.2.100/24 scope global h5-eth1
       valid_lft forever preferred_lft forever
    inet6 fe80::ecac:20ff:fed6:9673/64 scope link 
       valid_lft forever preferred_lft forever"
2026-04-17 03:52:39,20260417_035236,post_attack,h3,final_forward,1,0.961000,1.576000,0.961000,1.576000,0,1,,,RTU
2026-04-17 03:52:39,20260417_035236,post_attack,h3,final_forward,2,1.043000,0.581000,1.043000,0.581000,0,0,,,RTU
2026-04-17 03:52:39,20260417_035236,post_attack,h3,final_forward,3,1.033000,1.043000,1.033000,1.043000,0,1,,,RTU
2026-04-17 03:52:39,20260417_035236,post_attack,h3,final_forward,4,1.042000,1.939000,1.042000,1.939000,1,1,,,RTU
2026-04-17 03:52:39,20260417_035236,post_attack,h3,final_forward,5,0.975000,0.664000,0.975000,0.664000,1,1,,,RTU
2026-04-17 03:52:41,20260417_035236,post_attack,h2,original_sample,1,1.013000,1.077000,1.013000,1.077000,0,,,,
2026-04-17 03:52:41,20260417_035236,post_attack,h2,original_sample,2,1.042000,0.349000,1.042000,0.349000,0,,,,
2026-04-17 03:52:41,20260417_035236,post_attack,h2,original_sample,3,0.996000,0.637000,0.996000,0.637000,0,,,,
2026-04-17 03:52:41,20260417_035236,post_attack,h2,original_sample,4,0.995000,1.865000,0.995000,1.865000,1,,,,
2026-04-17 03:52:41,20260417_035236,post_attack,h2,original_sample,5,1.006000,0.725000,1.006000,0.725000,1,,,,
2026-04-17 03:52:43,20260417_035236,post_attack,h3,final_forward,1,1.012000,1.077000,1.012000,1.077000,1,0,,,RTU
2026-04-17 03:52:43,20260417_035236,post_attack,h3,final_forward,2,1.042000,0.349000,1.042000,0.349000,0,0,,,RTU
2026-04-17 03:52:43,20260417_035236,post_attack,h3,final_forward,3,0.996000,0.637000,0.996000,0.637000,1,0,,,RTU
2026-04-17 03:52:43,20260417_035236,post_attack,h3,final_forward,4,0.995000,1.865000,0.995000,1.865000,1,1,,,RTU
2026-04-17 03:52:43,20260417_035236,post_attack,h3,final_forward,5,1.006000,0.725000,1.006000,0.725000,1,1,,,RTU
2026-04-17 03:52:45,20260417_035236,post_attack,h2,original_sample,1,1.018000,1.276000,1.018000,1.276000,1,,,,
2026-04-17 03:52:45,20260417_035236,post_attack,h2,original_sample,2,0.978000,1.838000,0.978000,1.838000,0,,,,
2026-04-17 03:52:45,20260417_035236,post_attack,h2,original_sample,3,0.974000,0.713000,0.974000,0.713000,1,,,,
2026-04-17 03:52:45,20260417_035236,post_attack,h2,original_sample,4,1.008000,0.745000,1.008000,0.745000,1,,,,
2026-04-17 03:52:45,20260417_035236,post_attack,h2,original_sample,5,0.979000,0.679000,0.979000,0.679000,1,,,,
2026-04-17 03:52:47,20260417_035236,post_attack,h3,final_forward,1,1.018000,1.276000,1.018000,1.276000,0,1,,,RTU
2026-04-17 03:52:47,20260417_035236,post_attack,h3,final_forward,2,0.978000,1.838000,0.978000,1.838000,0,0,,,RTU
2026-04-17 03:52:47,20260417_035236,post_attack,h3,final_forward,3,0.974000,0.713000,0.974000,0.713000,0,1,,,RTU
2026-04-17 03:52:47,20260417_035236,post_attack,h3,final_forward,4,1.008000,0.745000,1.008000,0.745000,1,1,,,RTU
2026-04-17 03:52:47,20260417_035236,post_attack,h3,final_forward,5,0.979000,0.679000,0.979000,0.679000,1,1,,,RTU
2026-04-17 03:52:49,20260417_035236,post_attack,h2,original_sample,1,1.018000,1.276000,1.018000,1.276000,0,,,,
2026-04-17 03:52:49,20260417_035236,post_attack,h2,original_sample,2,0.978000,1.838000,0.978000,1.838000,0,,,,
2026-04-17 03:52:49,20260417_035236,post_attack,h2,original_sample,3,0.974000,0.713000,0.974000,0.713000,0,,,,
2026-04-17 03:52:49,20260417_035236,post_attack,h2,original_sample,4,1.008000,0.745000,1.008000,0.745000,1,,,,
2026-04-17 03:52:49,20260417_035236,post_attack,h2,original_sample,5,0.979000,0.679000,0.979000,0.679000,1,,,,
2026-04-17 03:52:51,20260417_035236,post_attack,h3,final_forward,1,1.018000,1.276000,1.018000,1.276000,1,0,,,RTU
2026-04-17 03:52:51,20260417_035236,post_attack,h3,final_forward,2,0.978000,1.838000,0.978000,1.838000,0,0,,,RTU
2026-04-17 03:52:51,20260417_035236,post_attack,h3,final_forward,3,0.974000,0.713000,0.974000,0.713000,1,0,,,RTU
2026-04-17 03:52:51,20260417_035236,post_attack,h3,final_forward,4,1.008000,0.745000,1.008000,0.745000,1,1,,,RTU
2026-04-17 03:52:51,20260417_035236,post_attack,h3,final_forward,5,0.979000,0.679000,0.979000,0.679000,1,1,,,RTU
2026-04-17 03:52:53,20260417_035236,post_attack,h2,original_sample,1,0.994000,1.628000,0.994000,1.628000,1,,,,
2026-04-17 03:52:53,20260417_035236,post_attack,h2,original_sample,2,0.978000,1.393000,0.978000,1.393000,0,,,,
2026-04-17 03:52:53,20260417_035236,post_attack,h2,original_sample,3,1.026000,1.125000,1.026000,1.125000,1,,,,
2026-04-17 03:52:53,20260417_035236,post_attack,h2,original_sample,4,0.984000,0.501000,0.984000,0.501000,1,,,,
2026-04-17 03:52:53,20260417_035236,post_attack,h2,original_sample,5,0.956000,0.289000,0.956000,0.289000,1,,,,
2026-04-17 03:52:55,20260417_035236,post_attack,h3,final_forward,1,0.994000,1.628000,0.994000,1.628000,0,1,,,RTU
2026-04-17 03:52:55,20260417_035236,post_attack,h3,final_forward,2,0.978000,1.393000,0.978000,1.393000,0,0,,,RTU
2026-04-17 03:52:55,20260417_035236,post_attack,h3,final_forward,3,1.026000,1.125000,1.026000,1.125000,0,1,,,RTU
2026-04-17 03:52:55,20260417_035236,post_attack,h3,final_forward,4,0.984000,0.501000,0.984000,0.501000,1,1,,,RTU
2026-04-17 03:52:55,20260417_035236,post_attack,h3,final_forward,5,0.956000,0.289000,0.956000,0.289000,1,1,,,RTU
2026-04-17 03:52:57,20260417_035236,post_attack,h2,original_sample,1,0.972000,1.086000,0.972000,1.086000,0,,,,
2026-04-17 03:52:57,20260417_035236,post_attack,h2,original_sample,2,1.029000,0.305000,1.029000,0.305000,0,,,,
2026-04-17 03:52:57,20260417_035236,post_attack,h2,original_sample,3,0.989000,0.634000,0.989000,0.634000,0,,,,
2026-04-17 03:52:57,20260417_035236,post_attack,h2,original_sample,4,1.001000,1.298000,1.001000,1.298000,1,,,,
2026-04-17 03:52:57,20260417_035236,post_attack,h2,original_sample,5,1.031000,0.281000,1.031000,0.281000,1,,,,
2026-04-17 03:52:59,20260417_035236,post_attack,h3,final_forward,1,0.972000,1.086000,0.972000,1.086000,1,0,,,RTU
2026-04-17 03:52:59,20260417_035236,post_attack,h3,final_forward,2,1.029000,0.305000,1.029000,0.305000,0,0,,,RTU
2026-04-17 03:52:59,20260417_035236,post_attack,h3,final_forward,3,0.989000,0.634000,0.989000,0.634000,1,0,,,RTU
2026-04-17 03:52:59,20260417_035236,post_attack,h3,final_forward,4,1.000000,1.298000,1.000000,1.298000,1,1,,,RTU
2026-04-17 03:52:59,20260417_035236,post_attack,h3,final_forward,5,1.031000,0.281000,1.031000,0.281000,1,1,,,RTU
2026-04-17 03:53:01,20260417_035236,post_attack,h2,original_sample,1,1.000000,0.855000,1.000000,0.855000,1,,,,
2026-04-17 03:53:01,20260417_035236,post_attack,h2,original_sample,2,0.996000,0.958000,0.996000,0.958000,0,,,,
2026-04-17 03:53:01,20260417_035236,post_attack,h2,original_sample,3,0.958000,0.627000,0.958000,0.627000,1,,,,
2026-04-17 03:53:01,20260417_035236,post_attack,h2,original_sample,4,0.996000,1.798000,0.996000,1.798000,1,,,,
2026-04-17 03:53:01,20260417_035236,post_attack,h2,original_sample,5,1.009000,0.756000,1.009000,0.756000,1,,,,
2026-04-17 03:53:03,20260417_035236,post_attack,h3,final_forward,1,1.000000,0.855000,1.000000,0.855000,0,1,,,RTU
2026-04-17 03:53:03,20260417_035236,post_attack,h3,final_forward,2,0.996000,0.958000,0.996000,0.958000,0,0,,,RTU
2026-04-17 03:53:03,20260417_035236,post_attack,h3,final_forward,3,0.958000,0.627000,0.958000,0.627000,0,1,,,RTU
2026-04-17 03:53:03,20260417_035236,post_attack,h3,final_forward,4,0.996000,1.798000,0.996000,1.798000,1,1,,,RTU
2026-04-17 03:53:03,20260417_035236,post_attack,h3,final_forward,5,1.008000,0.756000,1.008000,0.756000,1,1,,,RTU
2026-04-17 03:53:05,20260417_035236,post_attack,h2,original_sample,1,0.960000,1.106000,0.960000,1.106000,0,,,,
2026-04-17 03:53:05,20260417_035236,post_attack,h2,original_sample,2,0.960000,0.305000,0.960000,0.305000,0,,,,
2026-04-17 03:53:05,20260417_035236,post_attack,h2,original_sample,3,1.015000,0.410000,1.015000,0.410000,0,,,,
2026-04-17 03:53:05,20260417_035236,post_attack,h2,original_sample,4,0.996000,0.460000,0.996000,0.460000,1,,,,
2026-04-17 03:53:05,20260417_035236,post_attack,h2,original_sample,5,0.999000,1.952000,0.999000,1.952000,1,,,,
2026-04-17 03:53:07,20260417_035236,post_attack,h3,final_forward,1,0.960000,1.106000,0.960000,1.106000,1,0,,,RTU
2026-04-17 03:53:07,20260417_035236,post_attack,h3,final_forward,2,0.960000,0.305000,0.960000,0.305000,0,0,,,RTU
2026-04-17 03:53:07,20260417_035236,post_attack,h3,final_forward,3,1.014000,0.410000,1.014000,0.410000,1,0,,,RTU
2026-04-17 03:53:07,20260417_035236,post_attack,h3,final_forward,4,0.996000,0.460000,0.996000,0.460000,1,1,,,RTU
2026-04-17 03:53:07,20260417_035236,post_attack,h3,final_forward,5,0.999000,1.952000,0.999000,1.952000,1,1,,,RTU
2026-04-17 03:53:09,20260417_035236,post_attack,h2,original_sample,1,0.960000,1.106000,0.960000,1.106000,1,,,,
2026-04-17 03:53:09,20260417_035236,post_attack,h2,original_sample,2,0.960000,0.305000,0.960000,0.305000,0,,,,
2026-04-17 03:53:09,20260417_035236,post_attack,h2,original_sample,3,1.015000,0.410000,1.015000,0.410000,1,,,,
2026-04-17 03:53:09,20260417_035236,post_attack,h2,original_sample,4,0.996000,0.460000,0.996000,0.460000,1,,,,
2026-04-17 03:53:09,20260417_035236,post_attack,h2,original_sample,5,0.999000,1.952000,0.999000,1.952000,1,,,,
2026-04-17 03:53:11,20260417_035236,post_attack,h3,final_forward,1,0.960000,1.106000,0.960000,1.106000,0,1,,,RTU
2026-04-17 03:53:11,20260417_035236,post_attack,h3,final_forward,2,0.960000,0.305000,0.960000,0.305000,0,0,,,RTU
2026-04-17 03:53:11,20260417_035236,post_attack,h3,final_forward,3,1.014000,0.410000,1.014000,0.410000,0,1,,,RTU
2026-04-17 03:53:11,20260417_035236,post_attack,h3,final_forward,4,0.996000,0.460000,0.996000,0.460000,1,1,,,RTU
2026-04-17 03:53:11,20260417_035236,post_attack,h3,final_forward,5,0.999000,1.952000,0.999000,1.952000,1,1,,,RTU
2026-04-17 03:53:13,20260417_035236,post_attack,h2,original_sample,1,0.977000,1.064000,0.977000,1.064000,0,,,,
2026-04-17 03:53:13,20260417_035236,post_attack,h2,original_sample,2,0.979000,1.172000,0.979000,1.172000,0,,,,
2026-04-17 03:53:13,20260417_035236,post_attack,h2,original_sample,3,0.980000,1.456000,0.980000,1.456000,0,,,,
2026-04-17 03:53:13,20260417_035236,post_attack,h2,original_sample,4,1.029000,0.163000,1.029000,0.163000,1,,,,
2026-04-17 03:53:13,20260417_035236,post_attack,h2,original_sample,5,1.049000,0.486000,1.049000,0.486000,1,,,,
2026-04-17 03:53:15,20260417_035236,post_attack,h3,final_forward,1,0.977000,1.064000,0.977000,1.064000,1,0,,,RTU
2026-04-17 03:53:15,20260417_035236,post_attack,h3,final_forward,2,0.979000,1.172000,0.979000,1.172000,0,0,,,RTU
2026-04-17 03:53:15,20260417_035236,post_attack,h3,final_forward,3,0.980000,1.456000,0.980000,1.456000,1,0,,,RTU
2026-04-17 03:53:15,20260417_035236,post_attack,h3,final_forward,4,1.029000,0.163000,1.029000,0.163000,1,1,,,RTU
2026-04-17 03:53:15,20260417_035236,post_attack,h3,final_forward,5,1.049000,0.486000,1.049000,0.486000,1,1,,,RTU
2026-04-17 03:53:17,20260417_035236,post_attack,h2,original_sample,1,1.038000,1.985000,1.038000,1.985000,1,,,,
2026-04-17 03:53:17,20260417_035236,post_attack,h2,original_sample,2,1.035000,1.750000,1.035000,1.750000,0,,,,
2026-04-17 03:53:17,20260417_035236,post_attack,h2,original_sample,3,1.041000,0.259000,1.041000,0.259000,1,,,,
2026-04-17 03:53:17,20260417_035236,post_attack,h2,original_sample,4,0.971000,0.664000,0.971000,0.664000,1,,,,
2026-04-17 03:53:17,20260417_035236,post_attack,h2,original_sample,5,0.951000,1.612000,0.951000,1.612000,1,,,,
2026-04-17 03:53:19,20260417_035236,post_attack,h3,final_forward,1,1.038000,1.985000,1.038000,1.985000,0,1,,,RTU
2026-04-17 03:53:19,20260417_035236,post_attack,h3,final_forward,2,1.035000,1.750000,1.035000,1.750000,0,0,,,RTU
2026-04-17 03:53:19,20260417_035236,post_attack,h3,final_forward,3,1.041000,0.259000,1.041000,0.259000,0,1,,,RTU
2026-04-17 03:53:19,20260417_035236,post_attack,h3,final_forward,4,0.971000,0.664000,0.971000,0.664000,1,1,,,RTU
2026-04-17 03:53:19,20260417_035236,post_attack,h3,final_forward,5,0.951000,1.612000,0.951000,1.612000,1,1,,,RTU
2026-04-17 03:53:21,20260417_035236,post_attack,h2,original_sample,1,1.000000,0.330000,1.000000,0.330000,0,,,,
2026-04-17 03:53:21,20260417_035236,post_attack,h2,original_sample,2,1.032000,0.157000,1.032000,0.157000,0,,,,
2026-04-17 03:53:21,20260417_035236,post_attack,h2,original_sample,3,1.026000,0.599000,1.026000,0.599000,0,,,,
2026-04-17 03:53:21,20260417_035236,post_attack,h2,original_sample,4,0.996000,1.266000,0.996000,1.266000,1,,,,
2026-04-17 03:53:21,20260417_035236,post_attack,h2,original_sample,5,1.027000,1.680000,1.027000,1.680000,1,,,,
2026-04-17 03:53:23,20260417_035236,post_attack,h3,final_forward,1,1.000000,0.330000,1.000000,0.330000,1,0,,,RTU
2026-04-17 03:53:23,20260417_035236,post_attack,h3,final_forward,2,1.032000,0.157000,1.032000,0.157000,0,0,,,RTU
2026-04-17 03:53:23,20260417_035236,post_attack,h3,final_forward,3,1.026000,0.599000,1.026000,0.599000,1,0,,,RTU
2026-04-17 03:53:23,20260417_035236,post_attack,h3,final_forward,4,0.996000,1.266000,0.996000,1.266000,1,1,,,RTU
2026-04-17 03:53:23,20260417_035236,post_attack,h3,final_forward,5,1.027000,1.680000,1.027000,1.680000,1,1,,,RTU
2026-04-17 03:53:26,20260417_035236,post_attack,h2,original_sample,1,1.029000,1.861000,1.029000,1.861000,1,,,,
2026-04-17 03:53:26,20260417_035236,post_attack,h2,original_sample,2,1.010000,0.398000,1.010000,0.398000,0,,,,
2026-04-17 03:53:26,20260417_035236,post_attack,h2,original_sample,3,1.026000,0.299000,1.026000,0.299000,1,,,,
2026-04-17 03:53:26,20260417_035236,post_attack,h2,original_sample,4,1.040000,1.770000,1.040000,1.770000,1,,,,
2026-04-17 03:53:26,20260417_035236,post_attack,h2,original_sample,5,0.982000,0.123000,0.982000,0.123000,1,,,,
2026-04-17 03:53:27,20260417_035236,post_attack,h3,final_forward,1,1.029000,1.861000,1.029000,1.861000,0,1,,,RTU
2026-04-17 03:53:27,20260417_035236,post_attack,h3,final_forward,2,1.010000,0.398000,1.010000,0.398000,0,0,,,RTU
2026-04-17 03:53:27,20260417_035236,post_attack,h3,final_forward,3,1.026000,0.299000,1.026000,0.299000,0,1,,,RTU
2026-04-17 03:53:27,20260417_035236,post_attack,h3,final_forward,4,1.040000,1.770000,1.040000,1.770000,1,1,,,RTU
2026-04-17 03:53:27,20260417_035236,post_attack,h3,final_forward,5,0.982000,0.123000,0.982000,0.123000,1,1,,,RTU
2026-04-17 03:53:30,20260417_035236,post_attack,h2,original_sample,1,1.039000,1.086000,1.039000,1.086000,0,,,,
2026-04-17 03:53:30,20260417_035236,post_attack,h2,original_sample,2,1.013000,1.713000,1.013000,1.713000,0,,,,
2026-04-17 03:53:30,20260417_035236,post_attack,h2,original_sample,3,1.005000,1.155000,1.005000,1.155000,0,,,,
2026-04-17 03:53:30,20260417_035236,post_attack,h2,original_sample,4,0.957000,0.775000,0.957000,0.775000,1,,,,
2026-04-17 03:53:30,20260417_035236,post_attack,h2,original_sample,5,1.049000,0.932000,1.049000,0.932000,1,,,,
2026-04-17 03:53:31,20260417_035236,post_attack,h3,final_forward,1,1.039000,1.086000,1.039000,1.086000,1,0,,,RTU
2026-04-17 03:53:31,20260417_035236,post_attack,h3,final_forward,2,1.012000,1.713000,1.012000,1.713000,0,0,,,RTU
2026-04-17 03:53:31,20260417_035236,post_attack,h3,final_forward,3,1.004000,1.155000,1.004000,1.155000,1,0,,,RTU
2026-04-17 03:53:31,20260417_035236,post_attack,h3,final_forward,4,0.957000,0.775000,0.957000,0.775000,1,1,,,RTU
2026-04-17 03:53:31,20260417_035236,post_attack,h3,final_forward,5,1.049000,0.932000,1.049000,0.932000,1,1,,,RTU
2026-04-17 03:53:35,20260417_035236,post_attack,h2,original_sample,1,0.959000,1.096000,0.959000,1.096000,1,,,,
2026-04-17 03:53:35,20260417_035236,post_attack,h2,original_sample,2,0.998000,1.398000,0.998000,1.398000,0,,,,
2026-04-17 03:53:35,20260417_035236,post_attack,h2,original_sample,3,1.016000,0.629000,1.016000,0.629000,1,,,,
2026-04-17 03:53:35,20260417_035236,post_attack,h2,original_sample,4,0.988000,0.229000,0.988000,0.229000,1,,,,
2026-04-17 03:53:35,20260417_035236,post_attack,h2,original_sample,5,0.984000,1.238000,0.984000,1.238000,1,,,,
2026-04-17 03:53:35,20260417_035236,post_attack,h3,final_forward,1,0.959000,1.096000,0.959000,1.096000,0,1,,,RTU
2026-04-17 03:53:35,20260417_035236,post_attack,h3,final_forward,2,0.998000,1.398000,0.998000,1.398000,0,0,,,RTU
2026-04-17 03:53:35,20260417_035236,post_attack,h3,final_forward,3,1.016000,0.629000,1.016000,0.629000,0,1,,,RTU
2026-04-17 03:53:35,20260417_035236,post_attack,h3,final_forward,4,0.988000,0.229000,0.988000,0.229000,1,1,,,RTU
2026-04-17 03:53:35,20260417_035236,post_attack,h3,final_forward,5,0.984000,1.238000,0.984000,1.238000,1,1,,,RTU
2026-04-17 03:53:39,20260417_035236,post_attack,h2,original_sample,1,0.959000,1.096000,0.959000,1.096000,0,,,,
2026-04-17 03:53:39,20260417_035236,post_attack,h2,original_sample,2,0.998000,1.398000,0.998000,1.398000,0,,,,
2026-04-17 03:53:39,20260417_035236,post_attack,h2,original_sample,3,1.016000,0.629000,1.016000,0.629000,0,,,,
2026-04-17 03:53:39,20260417_035236,post_attack,h2,original_sample,4,0.988000,0.229000,0.988000,0.229000,1,,,,
2026-04-17 03:53:39,20260417_035236,post_attack,h2,original_sample,5,0.984000,1.238000,0.984000,1.238000,1,,,,
2026-04-17 03:53:39,20260417_035236,post_attack,h3,final_forward,1,0.959000,1.096000,0.959000,1.096000,1,0,,,RTU
2026-04-17 03:53:39,20260417_035236,post_attack,h3,final_forward,2,0.998000,1.398000,0.998000,1.398000,0,0,,,RTU
2026-04-17 03:53:39,20260417_035236,post_attack,h3,final_forward,3,1.016000,0.629000,1.016000,0.629000,1,0,,,RTU
2026-04-17 03:53:39,20260417_035236,post_attack,h3,final_forward,4,0.988000,0.229000,0.988000,0.229000,1,1,,,RTU
2026-04-17 03:53:39,20260417_035236,post_attack,h3,final_forward,5,0.984000,1.238000,0.984000,1.238000,1,1,,,RTU
2026-04-17 03:53:43,20260417_035236,post_attack,h2,original_sample,1,0.955000,1.930000,0.955000,1.930000,1,,,,
2026-04-17 03:53:43,20260417_035236,post_attack,h2,original_sample,2,0.973000,0.163000,0.973000,0.163000,0,,,,
2026-04-17 03:53:43,20260417_035236,post_attack,h2,original_sample,3,0.979000,1.048000,0.979000,1.048000,1,,,,
2026-04-17 03:53:43,20260417_035236,post_attack,h2,original_sample,4,0.968000,0.754000,0.968000,0.754000,1,,,,
2026-04-17 03:53:43,20260417_035236,post_attack,h2,original_sample,5,0.960000,0.962000,0.960000,0.962000,1,,,,
2026-04-17 03:53:43,20260417_035236,post_attack,h3,final_forward,1,0.955000,1.930000,0.955000,1.930000,0,1,,,RTU
2026-04-17 03:53:43,20260417_035236,post_attack,h3,final_forward,2,0.973000,0.163000,0.973000,0.163000,0,0,,,RTU
2026-04-17 03:53:43,20260417_035236,post_attack,h3,final_forward,3,0.979000,1.048000,0.979000,1.048000,0,1,,,RTU
2026-04-17 03:53:43,20260417_035236,post_attack,h3,final_forward,4,0.968000,0.754000,0.968000,0.754000,1,1,,,RTU
2026-04-17 03:53:43,20260417_035236,post_attack,h3,final_forward,5,0.960000,0.962000,0.960000,0.962000,1,1,,,RTU
2026-04-17 03:53:47,20260417_035236,post_attack,h2,original_sample,1,1.014000,1.800000,1.014000,1.800000,0,,,,
2026-04-17 03:53:47,20260417_035236,post_attack,h2,original_sample,2,0.994000,1.425000,0.994000,1.425000,0,,,,
2026-04-17 03:53:47,20260417_035236,post_attack,h2,original_sample,3,0.991000,1.354000,0.991000,1.354000,0,,,,
2026-04-17 03:53:47,20260417_035236,post_attack,h2,original_sample,4,0.984000,0.487000,0.984000,0.487000,1,,,,
2026-04-17 03:53:47,20260417_035236,post_attack,h2,original_sample,5,0.952000,0.200000,0.952000,0.200000,1,,,,
2026-04-17 03:53:47,20260417_035236,post_attack,h3,final_forward,1,1.014000,1.800000,1.014000,1.800000,1,0,,,RTU
2026-04-17 03:53:47,20260417_035236,post_attack,h3,final_forward,2,0.994000,1.425000,0.994000,1.425000,0,0,,,RTU
2026-04-17 03:53:47,20260417_035236,post_attack,h3,final_forward,3,0.991000,1.354000,0.991000,1.354000,1,0,,,RTU
2026-04-17 03:53:47,20260417_035236,post_attack,h3,final_forward,4,0.984000,0.487000,0.984000,0.487000,1,1,,,RTU
2026-04-17 03:53:47,20260417_035236,post_attack,h3,final_forward,5,0.952000,0.200000,0.952000,0.200000,1,1,,,RTU
2026-04-17 03:53:51,20260417_035236,post_attack,h2,original_sample,1,0.957000,1.359000,0.957000,1.359000,1,,,,
2026-04-17 03:53:51,20260417_035236,post_attack,h2,original_sample,2,1.034000,1.197000,1.034000,1.197000,0,,,,
2026-04-17 03:53:51,20260417_035236,post_attack,h2,original_sample,3,0.990000,1.230000,0.990000,1.230000,1,,,,
2026-04-17 03:53:51,20260417_035236,post_attack,h2,original_sample,4,0.980000,1.849000,0.980000,1.849000,1,,,,
2026-04-17 03:53:51,20260417_035236,post_attack,h2,original_sample,5,0.974000,0.464000,0.974000,0.464000,1,,,,
2026-04-17 03:53:51,20260417_035236,post_attack,h3,final_forward,1,0.957000,1.359000,0.957000,1.359000,0,1,,,RTU
2026-04-17 03:53:51,20260417_035236,post_attack,h3,final_forward,2,1.034000,1.197000,1.034000,1.197000,0,0,,,RTU
2026-04-17 03:53:51,20260417_035236,post_attack,h3,final_forward,3,0.990000,1.230000,0.990000,1.230000,0,1,,,RTU
2026-04-17 03:53:51,20260417_035236,post_attack,h3,final_forward,4,0.980000,1.849000,0.980000,1.849000,1,1,,,RTU
2026-04-17 03:53:51,20260417_035236,post_attack,h3,final_forward,5,0.974000,0.464000,0.974000,0.464000,1,1,,,RTU
2026-04-17 03:53:55,20260417_035236,post_attack,h2,original_sample,1,0.995000,0.690000,0.995000,0.690000,0,,,,
2026-04-17 03:53:55,20260417_035236,post_attack,h2,original_sample,2,0.982000,0.627000,0.982000,0.627000,0,,,,
2026-04-17 03:53:55,20260417_035236,post_attack,h2,original_sample,3,0.972000,1.207000,0.972000,1.207000,0,,,,
2026-04-17 03:53:55,20260417_035236,post_attack,h2,original_sample,4,0.974000,1.311000,0.974000,1.311000,1,,,,
2026-04-17 03:53:55,20260417_035236,post_attack,h2,original_sample,5,1.032000,1.459000,1.032000,1.459000,1,,,,
2026-04-17 03:53:55,20260417_035236,post_attack,h3,final_forward,1,0.995000,0.690000,0.995000,0.690000,1,0,,,RTU
2026-04-17 03:53:55,20260417_035236,post_attack,h3,final_forward,2,0.982000,0.627000,0.982000,0.627000,0,0,,,RTU
2026-04-17 03:53:55,20260417_035236,post_attack,h3,final_forward,3,0.972000,1.207000,0.972000,1.207000,1,0,,,RTU
2026-04-17 03:53:55,20260417_035236,post_attack,h3,final_forward,4,0.974000,1.311000,0.974000,1.311000,1,1,,,RTU
2026-04-17 03:53:55,20260417_035236,post_attack,h3,final_forward,5,1.032000,1.459000,1.032000,1.459000,1,1,,,RTU
2026-04-17 03:53:59,20260417_035236,post_attack,h2,original_sample,1,0.995000,0.690000,0.995000,0.690000,1,,,,
2026-04-17 03:53:59,20260417_035236,post_attack,h2,original_sample,2,0.982000,0.627000,0.982000,0.627000,0,,,,
2026-04-17 03:53:59,20260417_035236,post_attack,h2,original_sample,3,0.972000,1.207000,0.972000,1.207000,1,,,,
2026-04-17 03:53:59,20260417_035236,post_attack,h2,original_sample,4,0.974000,1.311000,0.974000,1.311000,1,,,,
2026-04-17 03:53:59,20260417_035236,post_attack,h2,original_sample,5,1.032000,1.459000,1.032000,1.459000,1,,,,
2026-04-17 03:53:59,20260417_035236,post_attack,h3,final_forward,1,0.995000,0.690000,0.995000,0.690000,0,1,,,RTU
2026-04-17 03:53:59,20260417_035236,post_attack,h3,final_forward,2,0.982000,0.627000,0.982000,0.627000,0,0,,,RTU
2026-04-17 03:53:59,20260417_035236,post_attack,h3,final_forward,3,0.972000,1.207000,0.972000,1.207000,0,1,,,RTU
2026-04-17 03:53:59,20260417_035236,post_attack,h3,final_forward,4,0.974000,1.311000,0.974000,1.311000,1,1,,,RTU
2026-04-17 03:53:59,20260417_035236,post_attack,h3,final_forward,5,1.032000,1.459000,1.032000,1.459000,1,1,,,RTU
2026-04-17 03:54:03,20260417_035236,post_attack,h2,original_sample,1,1.045000,1.254000,1.045000,1.254000,0,,,,
2026-04-17 03:54:03,20260417_035236,post_attack,h2,original_sample,2,0.951000,1.386000,0.951000,1.386000,0,,,,
2026-04-17 03:54:03,20260417_035236,post_attack,h2,original_sample,3,0.984000,0.499000,0.984000,0.499000,0,,,,
2026-04-17 03:54:03,20260417_035236,post_attack,h2,original_sample,4,0.995000,1.767000,0.995000,1.767000,1,,,,
2026-04-17 03:54:03,20260417_035236,post_attack,h2,original_sample,5,0.957000,1.900000,0.957000,1.900000,1,,,,
2026-04-17 03:54:03,20260417_035236,post_attack,h3,final_forward,1,1.045000,1.254000,1.045000,1.254000,1,0,,,RTU
2026-04-17 03:54:03,20260417_035236,post_attack,h3,final_forward,2,0.951000,1.386000,0.951000,1.386000,0,0,,,RTU
2026-04-17 03:54:03,20260417_035236,post_attack,h3,final_forward,3,0.984000,0.499000,0.984000,0.499000,1,0,,,RTU
2026-04-17 03:54:03,20260417_035236,post_attack,h3,final_forward,4,0.995000,1.767000,0.995000,1.767000,1,1,,,RTU
2026-04-17 03:54:03,20260417_035236,post_attack,h3,final_forward,5,0.957000,1.900000,0.957000,1.900000,1,1,,,RTU
2026-04-17 03:54:07,20260417_035236,post_attack,h2,original_sample,1,0.965000,0.517000,0.965000,0.517000,1,,,,
2026-04-17 03:54:07,20260417_035236,post_attack,h2,original_sample,2,0.992000,0.254000,0.992000,0.254000,0,,,,
2026-04-17 03:54:07,20260417_035236,post_attack,h2,original_sample,3,1.002000,0.645000,1.002000,0.645000,1,,,,
2026-04-17 03:54:07,20260417_035236,post_attack,h2,original_sample,4,0.962000,0.874000,0.962000,0.874000,1,,,,
2026-04-17 03:54:07,20260417_035236,post_attack,h2,original_sample,5,0.998000,1.515000,0.998000,1.515000,1,,,,
2026-04-17 03:54:07,20260417_035236,post_attack,h3,final_forward,1,0.965000,0.517000,0.965000,0.517000,1,1,,,RTU
2026-04-17 03:54:07,20260417_035236,post_attack,h3,final_forward,2,0.992000,0.254000,0.992000,0.254000,0,0,,,RTU
2026-04-17 03:54:07,20260417_035236,post_attack,h3,final_forward,3,1.002000,0.645000,1.002000,0.645000,1,1,,,RTU
2026-04-17 03:54:07,20260417_035236,post_attack,h3,final_forward,4,0.962000,0.874000,0.962000,0.874000,1,1,,,RTU
2026-04-17 03:54:07,20260417_035236,post_attack,h3,final_forward,5,0.998000,1.515000,0.998000,1.515000,1,1,,,RTU
2026-04-17 03:54:11,20260417_035236,post_attack,h2,original_sample,1,0.991000,0.583000,0.991000,0.583000,1,,,,
2026-04-17 03:54:11,20260417_035236,post_attack,h2,original_sample,2,0.977000,0.803000,0.977000,0.803000,0,,,,
2026-04-17 03:54:11,20260417_035236,post_attack,h2,original_sample,3,0.950000,1.228000,0.950000,1.228000,1,,,,
2026-04-17 03:54:11,20260417_035236,post_attack,h2,original_sample,4,0.969000,0.420000,0.969000,0.420000,1,,,,
2026-04-17 03:54:11,20260417_035236,post_attack,h2,original_sample,5,1.006000,1.092000,1.006000,1.092000,1,,,,
2026-04-17 03:54:11,20260417_035236,post_attack,h3,final_forward,1,0.991000,0.583000,0.991000,0.583000,0,1,,,RTU
2026-04-17 03:54:11,20260417_035236,post_attack,h3,final_forward,2,0.977000,0.803000,0.977000,0.803000,0,0,,,RTU
2026-04-17 03:54:11,20260417_035236,post_attack,h3,final_forward,3,0.950000,1.228000,0.950000,1.228000,0,1,,,RTU
2026-04-17 03:54:11,20260417_035236,post_attack,h3,final_forward,4,0.969000,0.420000,0.969000,0.420000,1,1,,,RTU
2026-04-17 03:54:11,20260417_035236,post_attack,h3,final_forward,5,1.006000,1.092000,1.006000,1.092000,1,1,,,RTU
2026-04-17 03:54:15,20260417_035236,post_attack,h2,original_sample,1,1.014000,1.228000,1.014000,1.228000,0,,,,
2026-04-17 03:54:15,20260417_035236,post_attack,h2,original_sample,2,0.996000,1.134000,0.996000,1.134000,0,,,,
2026-04-17 03:54:15,20260417_035236,post_attack,h2,original_sample,3,1.033000,0.419000,1.033000,0.419000,0,,,,
2026-04-17 03:54:15,20260417_035236,post_attack,h2,original_sample,4,0.973000,1.072000,0.973000,1.072000,1,,,,
2026-04-17 03:54:15,20260417_035236,post_attack,h2,original_sample,5,0.994000,1.363000,0.994000,1.363000,1,,,,
2026-04-17 03:54:15,20260417_035236,post_attack,h3,final_forward,1,1.014000,1.228000,1.014000,1.228000,1,0,,,RTU
2026-04-17 03:54:15,20260417_035236,post_attack,h3,final_forward,2,0.996000,1.134000,0.996000,1.134000,0,0,,,RTU
2026-04-17 03:54:15,20260417_035236,post_attack,h3,final_forward,3,1.033000,0.419000,1.033000,0.419000,1,0,,,RTU
2026-04-17 03:54:15,20260417_035236,post_attack,h3,final_forward,4,0.973000,1.072000,0.973000,1.072000,1,1,,,RTU
2026-04-17 03:54:15,20260417_035236,post_attack,h3,final_forward,5,0.994000,1.363000,0.994000,1.363000,1,1,,,RTU
2026-04-17 03:54:19,20260417_035236,post_attack,h2,original_sample,1,1.014000,1.228000,1.014000,1.228000,1,,,,
2026-04-17 03:54:19,20260417_035236,post_attack,h2,original_sample,2,0.996000,1.134000,0.996000,1.134000,0,,,,
2026-04-17 03:54:19,20260417_035236,post_attack,h2,original_sample,3,1.033000,0.419000,1.033000,0.419000,1,,,,
2026-04-17 03:54:19,20260417_035236,post_attack,h2,original_sample,4,0.973000,1.072000,0.973000,1.072000,1,,,,
2026-04-17 03:54:19,20260417_035236,post_attack,h2,original_sample,5,0.994000,1.363000,0.994000,1.363000,1,,,,
2026-04-17 03:54:19,20260417_035236,post_attack,h3,final_forward,1,1.014000,1.228000,1.014000,1.228000,0,1,,,RTU
2026-04-17 03:54:19,20260417_035236,post_attack,h3,final_forward,2,0.996000,1.134000,0.996000,1.134000,0,0,,,RTU
2026-04-17 03:54:19,20260417_035236,post_attack,h3,final_forward,3,1.033000,0.419000,1.033000,0.419000,0,1,,,RTU
2026-04-17 03:54:19,20260417_035236,post_attack,h3,final_forward,4,0.973000,1.072000,0.973000,1.072000,1,1,,,RTU
2026-04-17 03:54:19,20260417_035236,post_attack,h3,final_forward,5,0.994000,1.363000,0.994000,1.363000,1,1,,,RTU
2026-04-17 03:54:23,20260417_035236,post_attack,h2,original_sample,1,1.048000,1.653000,1.048000,1.653000,0,,,,
2026-04-17 03:54:23,20260417_035236,post_attack,h2,original_sample,2,1.048000,0.277000,1.048000,0.277000,0,,,,
2026-04-17 03:54:23,20260417_035236,post_attack,h2,original_sample,3,1.035000,0.428000,1.035000,0.428000,0,,,,
2026-04-17 03:54:23,20260417_035236,post_attack,h2,original_sample,4,0.971000,0.611000,0.971000,0.611000,1,,,,
2026-04-17 03:54:23,20260417_035236,post_attack,h2,original_sample,5,0.980000,0.403000,0.980000,0.403000,1,,,,
2026-04-17 03:54:23,20260417_035236,post_attack,h3,final_forward,1,1.048000,1.653000,1.048000,1.653000,1,0,,,RTU
2026-04-17 03:54:23,20260417_035236,post_attack,h3,final_forward,2,1.048000,0.277000,1.048000,0.277000,0,0,,,RTU
2026-04-17 03:54:23,20260417_035236,post_attack,h3,final_forward,3,1.035000,0.428000,1.035000,0.428000,1,0,,,RTU
2026-04-17 03:54:23,20260417_035236,post_attack,h3,final_forward,4,0.971000,0.611000,0.971000,0.611000,1,1,,,RTU
2026-04-17 03:54:23,20260417_035236,post_attack,h3,final_forward,5,0.980000,0.403000,0.980000,0.403000,1,1,,,RTU
2026-04-17 03:54:27,20260417_035236,post_attack,h2,original_sample,1,1.033000,1.788000,1.033000,1.788000,1,,,,
2026-04-17 03:54:27,20260417_035236,post_attack,h2,original_sample,2,0.970000,1.475000,0.970000,1.475000,0,,,,
2026-04-17 03:54:27,20260417_035236,post_attack,h2,original_sample,3,1.016000,1.962000,1.016000,1.962000,1,,,,
2026-04-17 03:54:27,20260417_035236,post_attack,h2,original_sample,4,1.037000,1.055000,1.037000,1.055000,1,,,,
2026-04-17 03:54:27,20260417_035236,post_attack,h2,original_sample,5,1.035000,0.960000,1.035000,0.960000,1,,,,
2026-04-17 03:54:27,20260417_035236,post_attack,h3,final_forward,1,1.033000,1.788000,1.033000,1.788000,0,1,,,RTU
2026-04-17 03:54:27,20260417_035236,post_attack,h3,final_forward,2,0.970000,1.475000,0.970000,1.475000,0,0,,,RTU
2026-04-17 03:54:27,20260417_035236,post_attack,h3,final_forward,3,1.016000,1.962000,1.016000,1.962000,0,1,,,RTU
2026-04-17 03:54:27,20260417_035236,post_attack,h3,final_forward,4,1.037000,1.055000,1.037000,1.055000,1,1,,,RTU
2026-04-17 03:54:27,20260417_035236,post_attack,h3,final_forward,5,1.035000,0.960000,1.035000,0.960000,1,1,,,RTU
2026-04-17 03:54:31,20260417_035236,post_attack,h2,original_sample,1,0.979000,1.851000,0.979000,1.851000,0,,,,
2026-04-17 03:54:31,20260417_035236,post_attack,h2,original_sample,2,0.998000,0.881000,0.998000,0.881000,0,,,,
2026-04-17 03:54:31,20260417_035236,post_attack,h2,original_sample,3,1.034000,1.325000,1.034000,1.325000,0,,,,
2026-04-17 03:54:31,20260417_035236,post_attack,h2,original_sample,4,0.978000,0.981000,0.978000,0.981000,1,,,,
2026-04-17 03:54:31,20260417_035236,post_attack,h2,original_sample,5,1.028000,1.939000,1.028000,1.939000,1,,,,
2026-04-17 03:54:31,20260417_035236,post_attack,h3,final_forward,1,0.979000,1.851000,0.979000,1.851000,1,0,,,RTU
2026-04-17 03:54:31,20260417_035236,post_attack,h3,final_forward,2,0.998000,0.881000,0.998000,0.881000,0,0,,,RTU
2026-04-17 03:54:31,20260417_035236,post_attack,h3,final_forward,3,1.034000,1.325000,1.034000,1.325000,1,0,,,RTU
2026-04-17 03:54:31,20260417_035236,post_attack,h3,final_forward,4,0.978000,0.981000,0.978000,0.981000,1,1,,,RTU
2026-04-17 03:54:31,20260417_035236,post_attack,h3,final_forward,5,1.028000,1.939000,1.028000,1.939000,1,1,,,RTU
2026-04-17 03:54:35,20260417_035236,post_attack,h2,original_sample,1,1.041000,1.879000,1.041000,1.879000,1,,,,
2026-04-17 03:54:35,20260417_035236,post_attack,h2,original_sample,2,1.027000,1.800000,1.027000,1.800000,0,,,,
2026-04-17 03:54:35,20260417_035236,post_attack,h2,original_sample,3,0.960000,1.450000,0.960000,1.450000,1,,,,
2026-04-17 03:54:35,20260417_035236,post_attack,h2,original_sample,4,0.950000,1.808000,0.950000,1.808000,1,,,,
2026-04-17 03:54:35,20260417_035236,post_attack,h2,original_sample,5,0.964000,0.502000,0.964000,0.502000,1,,,,
2026-04-17 03:54:35,20260417_035236,post_attack,h3,final_forward,1,1.041000,1.879000,1.041000,1.879000,0,1,,,RTU
2026-04-17 03:54:35,20260417_035236,post_attack,h3,final_forward,2,1.027000,1.800000,1.027000,1.800000,0,0,,,RTU
2026-04-17 03:54:35,20260417_035236,post_attack,h3,final_forward,3,0.960000,1.450000,0.960000,1.450000,0,1,,,RTU
2026-04-17 03:54:35,20260417_035236,post_attack,h3,final_forward,4,0.950000,1.808000,0.950000,1.808000,1,1,,,RTU
2026-04-17 03:54:35,20260417_035236,post_attack,h3,final_forward,5,0.964000,0.502000,0.964000,0.502000,1,1,,,RTU
2026-04-17 03:54:39,20260417_035236,post_attack,h2,original_sample,1,1.041000,1.879000,1.041000,1.879000,0,,,,
2026-04-17 03:54:39,20260417_035236,post_attack,h2,original_sample,2,1.027000,1.800000,1.027000,1.800000,0,,,,
2026-04-17 03:54:39,20260417_035236,post_attack,h2,original_sample,3,0.960000,1.450000,0.960000,1.450000,0,,,,
2026-04-17 03:54:39,20260417_035236,post_attack,h2,original_sample,4,0.950000,1.808000,0.950000,1.808000,1,,,,
2026-04-17 03:54:39,20260417_035236,post_attack,h2,original_sample,5,0.964000,0.502000,0.964000,0.502000,1,,,,
2026-04-17 03:54:39,20260417_035236,post_attack,h3,final_forward,1,1.041000,1.879000,1.041000,1.879000,1,0,,,RTU
2026-04-17 03:54:39,20260417_035236,post_attack,h3,final_forward,2,1.027000,1.800000,1.027000,1.800000,0,0,,,RTU
2026-04-17 03:54:39,20260417_035236,post_attack,h3,final_forward,3,0.960000,1.450000,0.960000,1.450000,1,0,,,RTU
2026-04-17 03:54:39,20260417_035236,post_attack,h3,final_forward,4,0.950000,1.808000,0.950000,1.808000,1,1,,,RTU
2026-04-17 03:54:39,20260417_035236,post_attack,h3,final_forward,5,0.964000,0.502000,0.964000,0.502000,1,1,,,RTU
2026-04-17 03:54:43,20260417_035236,post_attack,h2,original_sample,1,1.001000,1.365000,1.001000,1.365000,1,,,,
2026-04-17 03:54:43,20260417_035236,post_attack,h2,original_sample,2,1.042000,0.158000,1.042000,0.158000,0,,,,
2026-04-17 03:54:43,20260417_035236,post_attack,h2,original_sample,3,1.042000,0.701000,1.042000,0.701000,1,,,,
2026-04-17 03:54:43,20260417_035236,post_attack,h2,original_sample,4,1.004000,0.552000,1.004000,0.552000,1,,,,
2026-04-17 03:54:43,20260417_035236,post_attack,h2,original_sample,5,0.984000,1.110000,0.984000,1.110000,1,,,,
2026-04-17 03:54:43,20260417_035236,post_attack,h3,final_forward,1,1.000000,1.365000,1.000000,1.365000,0,1,,,RTU
2026-04-17 03:54:43,20260417_035236,post_attack,h3,final_forward,2,1.042000,0.158000,1.042000,0.158000,0,0,,,RTU
2026-04-17 03:54:43,20260417_035236,post_attack,h3,final_forward,3,1.042000,0.701000,1.042000,0.701000,0,1,,,RTU
2026-04-17 03:54:43,20260417_035236,post_attack,h3,final_forward,4,1.004000,0.552000,1.004000,0.552000,1,1,,,RTU
2026-04-17 03:54:43,20260417_035236,post_attack,h3,final_forward,5,0.984000,1.110000,0.984000,1.110000,1,1,,,RTU
2026-04-17 03:54:47,20260417_035236,post_attack,h2,original_sample,1,1.019000,0.521000,1.019000,0.521000,0,,,,
2026-04-17 03:54:47,20260417_035236,post_attack,h2,original_sample,2,0.988000,0.458000,0.988000,0.458000,0,,,,
2026-04-17 03:54:47,20260417_035236,post_attack,h2,original_sample,3,1.031000,1.812000,1.031000,1.812000,0,,,,
2026-04-17 03:54:47,20260417_035236,post_attack,h2,original_sample,4,1.006000,0.552000,1.006000,0.552000,1,,,,
2026-04-17 03:54:47,20260417_035236,post_attack,h2,original_sample,5,0.951000,1.678000,0.951000,1.678000,1,,,,
2026-04-17 03:54:47,20260417_035236,post_attack,h3,final_forward,1,1.018000,0.521000,1.018000,0.521000,1,0,,,RTU
2026-04-17 03:54:47,20260417_035236,post_attack,h3,final_forward,2,0.988000,0.458000,0.988000,0.458000,0,0,,,RTU
2026-04-17 03:54:47,20260417_035236,post_attack,h3,final_forward,3,1.031000,1.812000,1.031000,1.812000,1,0,,,RTU
2026-04-17 03:54:47,20260417_035236,post_attack,h3,final_forward,4,1.006000,0.552000,1.006000,0.552000,1,1,,,RTU
2026-04-17 03:54:47,20260417_035236,post_attack,h3,final_forward,5,0.951000,1.678000,0.951000,1.678000,1,1,,,RTU
2026-04-17 03:54:51,20260417_035236,post_attack,h2,original_sample,1,0.990000,1.853000,0.990000,1.853000,1,,,,
2026-04-17 03:54:51,20260417_035236,post_attack,h3,final_forward,1,0.990000,1.853000,0.990000,1.853000,0,1,,,RTU
2026-04-17 03:54:51,20260417_035236,post_attack,h3,final_forward,2,1.045000,0.458000,1.045000,0.458000,0,0,,,RTU
2026-04-17 03:54:51,20260417_035236,post_attack,h2,original_sample,2,1.045000,1.633000,1.045000,1.633000,0,,,,
2026-04-17 03:54:51,20260417_035236,post_attack,h3,final_forward,3,1.031000,1.812000,1.031000,1.812000,0,0,,,RTU
2026-04-17 03:54:51,20260417_035236,post_attack,h3,final_forward,4,1.006000,0.552000,1.006000,0.552000,1,1,,,RTU
2026-04-17 03:54:51,20260417_035236,post_attack,h3,final_forward,5,0.951000,1.678000,0.951000,1.678000,1,1,,,RTU
2026-04-17 03:54:51,20260417_035236,post_attack,h2,original_sample,3,0.958000,1.994000,0.958000,1.994000,0,,,,
2026-04-17 03:54:51,20260417_035236,post_attack,h2,original_sample,4,0.995000,1.672000,0.995000,1.672000,1,,,,
2026-04-17 03:54:51,20260417_035236,post_attack,h2,original_sample,5,0.976000,0.638000,0.976000,0.638000,1,,,,
2026-04-17 03:54:55,20260417_035236,post_attack,h3,final_forward,1,0.990000,1.853000,0.990000,1.853000,1,1,,,RTU
2026-04-17 03:54:55,20260417_035236,post_attack,h3,final_forward,2,1.045000,1.633000,1.045000,1.633000,0,0,,,RTU
2026-04-17 03:54:55,20260417_035236,post_attack,h3,final_forward,3,0.958000,1.994000,0.958000,1.994000,1,0,,,RTU
2026-04-17 03:54:55,20260417_035236,post_attack,h3,final_forward,4,0.995000,1.672000,0.995000,1.672000,1,1,,,RTU
2026-04-17 03:54:55,20260417_035236,post_attack,h3,final_forward,5,0.976000,0.638000,0.976000,0.638000,1,1,,,RTU
2026-04-17 03:54:55,20260417_035236,post_attack,h2,original_sample,1,0.998000,1.253000,0.998000,1.253000,1,,,,
2026-04-17 03:54:55,20260417_035236,post_attack,h2,original_sample,2,1.047000,0.460000,1.047000,0.460000,0,,,,
2026-04-17 03:54:55,20260417_035236,post_attack,h2,original_sample,3,1.048000,0.993000,1.048000,0.993000,1,,,,
2026-04-17 03:54:55,20260417_035236,post_attack,h2,original_sample,4,1.012000,1.526000,1.012000,1.526000,1,,,,
2026-04-17 03:54:55,20260417_035236,post_attack,h2,original_sample,5,0.983000,1.629000,0.983000,1.629000,1,,,,
2026-04-17 03:54:59,20260417_035236,post_attack,h3,final_forward,1,0.998000,1.253000,0.998000,1.253000,0,1,,,RTU
2026-04-17 03:54:59,20260417_035236,post_attack,h3,final_forward,2,1.047000,0.460000,1.047000,0.460000,0,0,,,RTU
2026-04-17 03:54:59,20260417_035236,post_attack,h3,final_forward,3,1.048000,0.993000,1.048000,0.993000,0,1,,,RTU
2026-04-17 03:54:59,20260417_035236,post_attack,h3,final_forward,4,1.012000,1.526000,1.012000,1.526000,1,1,,,RTU
2026-04-17 03:54:59,20260417_035236,post_attack,h3,final_forward,5,0.983000,1.629000,0.983000,1.629000,1,1,,,RTU
2026-04-17 03:54:59,20260417_035236,post_attack,h2,original_sample,1,0.998000,1.253000,0.998000,1.253000,0,,,,
2026-04-17 03:54:59,20260417_035236,post_attack,h2,original_sample,2,1.047000,0.460000,1.047000,0.460000,0,,,,
2026-04-17 03:54:59,20260417_035236,post_attack,h2,original_sample,3,1.048000,0.993000,1.048000,0.993000,0,,,,
2026-04-17 03:54:59,20260417_035236,post_attack,h2,original_sample,4,1.012000,1.526000,1.012000,1.526000,1,,,,
2026-04-17 03:54:59,20260417_035236,post_attack,h2,original_sample,5,0.983000,1.629000,0.983000,1.629000,1,,,,
2026-04-17 03:55:03,20260417_035236,post_attack,h3,final_forward,1,0.998000,1.253000,0.998000,1.253000,1,0,,,RTU
2026-04-17 03:55:03,20260417_035236,post_attack,h3,final_forward,2,1.047000,0.460000,1.047000,0.460000,0,0,,,RTU
2026-04-17 03:55:03,20260417_035236,post_attack,h3,final_forward,3,1.048000,0.993000,1.048000,0.993000,1,0,,,RTU
2026-04-17 03:55:03,20260417_035236,post_attack,h3,final_forward,4,1.012000,1.526000,1.012000,1.526000,1,1,,,RTU
2026-04-17 03:55:03,20260417_035236,post_attack,h3,final_forward,5,0.983000,1.629000,0.983000,1.629000,1,1,,,RTU
2026-04-17 03:55:03,20260417_035236,post_attack,h2,original_sample,1,0.995000,1.815000,0.995000,1.815000,1,,,,
2026-04-17 03:55:03,20260417_035236,post_attack,h2,original_sample,2,1.030000,0.621000,1.030000,0.621000,0,,,,
2026-04-17 03:55:03,20260417_035236,post_attack,h2,original_sample,3,0.951000,0.607000,0.951000,0.607000,1,,,,
2026-04-17 03:55:03,20260417_035236,post_attack,h2,original_sample,4,1.001000,0.570000,1.001000,0.570000,1,,,,
2026-04-17 03:55:03,20260417_035236,post_attack,h2,original_sample,5,1.003000,1.497000,1.003000,1.497000,1,,,,
2026-04-17 03:55:07,20260417_035236,post_attack,h3,final_forward,1,0.995000,1.815000,0.995000,1.815000,0,1,,,RTU
2026-04-17 03:55:07,20260417_035236,post_attack,h3,final_forward,2,1.030000,0.621000,1.030000,0.621000,0,0,,,RTU
2026-04-17 03:55:07,20260417_035236,post_attack,h3,final_forward,3,0.951000,0.607000,0.951000,0.607000,0,1,,,RTU
2026-04-17 03:55:07,20260417_035236,post_attack,h3,final_forward,4,1.000000,0.570000,1.000000,0.570000,1,1,,,RTU
2026-04-17 03:55:07,20260417_035236,post_attack,h3,final_forward,5,1.002000,1.497000,1.002000,1.497000,1,1,,,RTU
2026-04-17 03:55:07,20260417_035236,post_attack,h2,original_sample,1,1.035000,1.144000,1.035000,1.144000,0,,,,
2026-04-17 03:55:07,20260417_035236,post_attack,h2,original_sample,2,1.041000,0.735000,1.041000,0.735000,0,,,,
2026-04-17 03:55:07,20260417_035236,post_attack,h2,original_sample,3,1.036000,0.772000,1.036000,0.772000,0,,,,
2026-04-17 03:55:07,20260417_035236,post_attack,h2,original_sample,4,0.990000,0.587000,0.990000,0.587000,1,,,,
2026-04-17 03:55:07,20260417_035236,post_attack,h2,original_sample,5,1.024000,0.918000,1.024000,0.918000,1,,,,
2026-04-17 03:55:11,20260417_035236,post_attack,h3,final_forward,1,1.035000,1.144000,1.035000,1.144000,1,0,,,RTU
2026-04-17 03:55:11,20260417_035236,post_attack,h3,final_forward,2,1.041000,0.735000,1.041000,0.735000,0,0,,,RTU
2026-04-17 03:55:11,20260417_035236,post_attack,h3,final_forward,3,1.036000,0.772000,1.036000,0.772000,1,0,,,RTU
2026-04-17 03:55:11,20260417_035236,post_attack,h3,final_forward,4,0.990000,0.587000,0.990000,0.587000,1,1,,,RTU
2026-04-17 03:55:11,20260417_035236,post_attack,h3,final_forward,5,1.024000,0.918000,1.024000,0.918000,1,1,,,RTU
2026-04-17 03:55:11,20260417_035236,post_attack,h2,original_sample,1,0.978000,0.906000,0.978000,0.906000,1,,,,
2026-04-17 03:55:11,20260417_035236,post_attack,h2,original_sample,2,1.034000,1.425000,1.034000,1.425000,0,,,,
2026-04-17 03:55:11,20260417_035236,post_attack,h2,original_sample,3,1.026000,1.951000,1.026000,1.951000,1,,,,
2026-04-17 03:55:11,20260417_035236,post_attack,h2,original_sample,4,1.036000,1.676000,1.036000,1.676000,1,,,,
2026-04-17 03:55:11,20260417_035236,post_attack,h2,original_sample,5,0.998000,0.570000,0.998000,0.570000,1,,,,
2026-04-17 03:55:15,20260417_035236,post_attack,h3,final_forward,1,0.978000,0.906000,0.978000,0.906000,0,1,,,RTU
2026-04-17 03:55:15,20260417_035236,post_attack,h3,final_forward,2,1.034000,1.425000,1.034000,1.425000,0,0,,,RTU
2026-04-17 03:55:15,20260417_035236,post_attack,h3,final_forward,3,1.026000,1.951000,1.026000,1.951000,0,1,,,RTU
2026-04-17 03:55:15,20260417_035236,post_attack,h3,final_forward,4,1.036000,1.676000,1.036000,1.676000,1,1,,,RTU
2026-04-17 03:55:15,20260417_035236,post_attack,h3,final_forward,5,0.998000,0.570000,0.998000,0.570000,1,1,,,RTU
2026-04-17 03:55:16,20260417_035236,post_attack,h2,original_sample,1,1.036000,0.919000,1.036000,0.919000,0,,,,
2026-04-17 03:55:16,20260417_035236,post_attack,h2,original_sample,2,1.019000,1.158000,1.019000,1.158000,0,,,,
2026-04-17 03:55:16,20260417_035236,post_attack,h2,original_sample,3,0.971000,0.183000,0.971000,0.183000,0,,,,
2026-04-17 03:55:16,20260417_035236,post_attack,h2,original_sample,4,1.031000,0.109000,1.031000,0.109000,1,,,,
2026-04-17 03:55:16,20260417_035236,post_attack,h2,original_sample,5,0.978000,1.044000,0.978000,1.044000,1,,,,
2026-04-17 03:55:19,20260417_035236,post_attack,h3,final_forward,1,1.036000,0.919000,1.036000,0.919000,1,0,,,RTU
2026-04-17 03:55:19,20260417_035236,post_attack,h3,final_forward,2,1.018000,1.158000,1.018000,1.158000,0,0,,,RTU
2026-04-17 03:55:19,20260417_035236,post_attack,h3,final_forward,3,0.971000,0.183000,0.971000,0.183000,1,0,,,RTU
2026-04-17 03:55:19,20260417_035236,post_attack,h3,final_forward,4,1.031000,0.109000,1.031000,0.109000,1,1,,,RTU
2026-04-17 03:55:19,20260417_035236,post_attack,h3,final_forward,5,0.978000,1.044000,0.978000,1.044000,1,1,,,RTU
2026-04-17 03:55:20,20260417_035236,post_attack,h2,original_sample,1,1.036000,0.919000,1.036000,0.919000,1,,,,
2026-04-17 03:55:20,20260417_035236,post_attack,h2,original_sample,2,1.019000,1.158000,1.019000,1.158000,0,,,,
2026-04-17 03:55:20,20260417_035236,post_attack,h2,original_sample,3,0.971000,0.183000,0.971000,0.183000,1,,,,
2026-04-17 03:55:20,20260417_035236,post_attack,h2,original_sample,4,1.031000,0.109000,1.031000,0.109000,1,,,,
2026-04-17 03:55:20,20260417_035236,post_attack,h2,original_sample,5,0.978000,1.044000,0.978000,1.044000,1,,,,
2026-04-17 03:55:23,20260417_035236,post_attack,h3,final_forward,1,1.036000,0.919000,1.036000,0.919000,0,1,,,RTU
2026-04-17 03:55:23,20260417_035236,post_attack,h3,final_forward,2,1.018000,1.158000,1.018000,1.158000,0,0,,,RTU
2026-04-17 03:55:23,20260417_035236,post_attack,h3,final_forward,3,0.971000,0.183000,0.971000,0.183000,0,1,,,RTU
2026-04-17 03:55:23,20260417_035236,post_attack,h3,final_forward,4,1.031000,0.109000,1.031000,0.109000,1,1,,,RTU
2026-04-17 03:55:23,20260417_035236,post_attack,h3,final_forward,5,0.978000,1.044000,0.978000,1.044000,1,1,,,RTU
